profile,metric,effect,n,mean_difference,ci95_halfwidth
nominal,p_int,belief_effect_fixed: belief_minus_no_belief,10,-0.004016124274238716,0.004237038501006565
nominal,p_int,belief_effect_adaptive: belief_minus_no_belief,10,0.0025178601098031247,0.004347796503613334
nominal,p_int,adaptive_tightening_effect_with_belief: adaptive_minus_fixed,10,0.003058140194826248,0.003024289382006957
nominal,p_int,adaptive_tightening_effect_no_belief: adaptive_minus_fixed,10,-0.0034758441892155925,0.003786325598941551
nominal,p_int,factorial_interaction,10,0.006533984384041841,0.004800817435011461
nominal,otd,belief_effect_fixed: belief_minus_no_belief,10,-0.005076478830718534,0.006165517206217616
nominal,otd,belief_effect_adaptive: belief_minus_no_belief,10,0.001898668285180294,0.015630853566735308
nominal,otd,adaptive_tightening_effect_with_belief: adaptive_minus_fixed,10,-0.00011116461708909897,0.010161067541672005
nominal,otd,adaptive_tightening_effect_no_belief: adaptive_minus_fixed,10,-0.007086311732987927,0.0071679369156251085
nominal,otd,factorial_interaction,10,0.006975147115898828,0.013291239726885572
nominal,traffic_mbps,belief_effect_fixed: belief_minus_no_belief,10,-0.009856576666666627,0.01278218483750245
nominal,traffic_mbps,belief_effect_adaptive: belief_minus_no_belief,10,0.004330083333333368,0.026926137167844165
nominal,traffic_mbps,adaptive_tightening_effect_with_belief: adaptive_minus_fixed,10,0.0013890366666666654,0.017720562245200196
nominal,traffic_mbps,adaptive_tightening_effect_no_belief: adaptive_minus_fixed,10,-0.01279762333333333,0.01118706182087616
nominal,traffic_mbps,factorial_interaction,10,0.014186659999999995,0.022448845270969835
mild_minus,p_int,belief_effect_fixed: belief_minus_no_belief,10,-0.0036611484957832134,0.004433488886806645
mild_minus,p_int,belief_effect_adaptive: belief_minus_no_belief,10,0.0013998978899423774,0.004163252886704892
mild_minus,p_int,adaptive_tightening_effect_with_belief: adaptive_minus_fixed,10,0.00247016022900142,0.0031480215602770817
mild_minus,p_int,adaptive_tightening_effect_no_belief: adaptive_minus_fixed,10,-0.0025908861567241707,0.004290433452743611
mild_minus,p_int,factorial_interaction,10,0.005061046385725592,0.004927782300834906
mild_minus,otd,belief_effect_fixed: belief_minus_no_belief,10,-0.0042545767789410995,0.00766017381472706
mild_minus,otd,belief_effect_adaptive: belief_minus_no_belief,10,0.001558878588450463,0.01532141987067187
mild_minus,otd,adaptive_tightening_effect_with_belief: adaptive_minus_fixed,10,-0.002382909702590308,0.011467370339425374
mild_minus,otd,adaptive_tightening_effect_no_belief: adaptive_minus_fixed,10,-0.00819636506998187,0.006943171068100302
mild_minus,otd,factorial_interaction,10,0.005813455367391562,0.014347903681634471
mild_minus,traffic_mbps,belief_effect_fixed: belief_minus_no_belief,10,-0.009135563333333364,0.012070058264505624
mild_minus,traffic_mbps,belief_effect_adaptive: belief_minus_no_belief,10,0.00254211333333334,0.02642809816758006
mild_minus,traffic_mbps,adaptive_tightening_effect_with_belief: adaptive_minus_fixed,10,-0.0004984199999999661,0.018932781623996604
mild_minus,traffic_mbps,adaptive_tightening_effect_no_belief: adaptive_minus_fixed,10,-0.012176096666666669,0.013012490604742634
mild_minus,traffic_mbps,factorial_interaction,10,0.011677676666666702,0.0229532934010165
standard_compound,p_int,belief_effect_fixed: belief_minus_no_belief,10,-0.009034909620640432,0.013140559455022653
standard_compound,p_int,belief_effect_adaptive: belief_minus_no_belief,10,0.0036823749059291893,0.012168053006824204
standard_compound,p_int,adaptive_tightening_effect_with_belief: adaptive_minus_fixed,10,0.006468771574167219,0.008953567679143199
standard_compound,p_int,adaptive_tightening_effect_no_belief: adaptive_minus_fixed,10,-0.006248512952402403,0.012522415801447312
standard_compound,p_int,factorial_interaction,10,0.012717284526569622,0.016148900247352813
standard_compound,otd,belief_effect_fixed: belief_minus_no_belief,10,-0.008597418349493135,0.00838500130485073
standard_compound,otd,belief_effect_adaptive: belief_minus_no_belief,10,0.0064569955970890545,0.015593665193123486
standard_compound,otd,adaptive_tightening_effect_with_belief: adaptive_minus_fixed,10,0.0016515699920036987,0.012586315092283279
standard_compound,otd,adaptive_tightening_effect_no_belief: adaptive_minus_fixed,10,-0.013402843954578492,0.006542530852404153
standard_compound,otd,factorial_interaction,10,0.01505441394658219,0.015218962573051697
standard_compound,traffic_mbps,belief_effect_fixed: belief_minus_no_belief,10,-0.013582519999999964,0.01548201979438431
standard_compound,traffic_mbps,belief_effect_adaptive: belief_minus_no_belief,10,0.010280849999999953,0.02676287299705188
standard_compound,traffic_mbps,adaptive_tightening_effect_with_belief: adaptive_minus_fixed,10,-6.333333333885527e-07,0.020919382172328204
standard_compound,traffic_mbps,adaptive_tightening_effect_no_belief: adaptive_minus_fixed,10,-0.023864003333333307,0.012104086125018784
standard_compound,traffic_mbps,factorial_interaction,10,0.02386336999999992,0.026240581829823497
compound_severe,p_int,belief_effect_fixed: belief_minus_no_belief,10,-0.0033594190423233195,0.016410300955977168
compound_severe,p_int,belief_effect_adaptive: belief_minus_no_belief,10,0.009078172013492014,0.019337714784738308
compound_severe,p_int,adaptive_tightening_effect_with_belief: adaptive_minus_fixed,10,-0.004568038632745181,0.017675434267123324
compound_severe,p_int,adaptive_tightening_effect_no_belief: adaptive_minus_fixed,10,-0.017005629688560515,0.013914709273740366
compound_severe,p_int,factorial_interaction,10,0.012437591055815333,0.021350052960331312
compound_severe,otd,belief_effect_fixed: belief_minus_no_belief,10,-0.010454732018240709,0.012034859456063345
compound_severe,otd,belief_effect_adaptive: belief_minus_no_belief,10,0.023650454185570453,0.04572866197010875
compound_severe,otd,adaptive_tightening_effect_with_belief: adaptive_minus_fixed,10,-0.007953151328009722,0.031975294040648077
compound_severe,otd,adaptive_tightening_effect_no_belief: adaptive_minus_fixed,10,-0.04205833753182088,0.031136275122593607
compound_severe,otd,factorial_interaction,10,0.03410518620381116,0.04712501418177058
compound_severe,traffic_mbps,belief_effect_fixed: belief_minus_no_belief,10,-0.018596420000000013,0.022782048659211775
compound_severe,traffic_mbps,belief_effect_adaptive: belief_minus_no_belief,10,0.037965373333333344,0.06445742677078947
compound_severe,traffic_mbps,adaptive_tightening_effect_with_belief: adaptive_minus_fixed,10,-0.008270293333333335,0.04379043580860237
compound_severe,traffic_mbps,adaptive_tightening_effect_no_belief: adaptive_minus_fixed,10,-0.06483208666666669,0.043989659725421994
compound_severe,traffic_mbps,factorial_interaction,10,0.05656179333333335,0.06751745913850832
