method,train_seed,profile,p_int,otd,miss,traffic_mbps,avg_delay_ms,defer_probability,mean_predicted_cvar,mean_effective_cvar_limit,mean_strict_supported_cvar_pass_count,mean_cvar_admissible_action_count,mean_safe_action_count,shift_error_ema_end,mean_native_feasible_action_count,mean_risk_rejected_action_count,audit_conservation_max,audit_pending_max,audit_invalid_sum,audit_resource_sum,audit_max_rb
Adaptive ForeSafe,11,compound_severe,0.5145841545132046,0.5727019066811347,0.4272980933188653,0.6993999666666667,7.039653796519058,0.24381618206012504,0.07439468758817097,0.052189476846103686,2.7780798004987526,11.413216957605988,11.398665835411471,0.31642387678016937,42.0,32.22192019950125,0.0,0.0,0.0,0.0,3.0
Adaptive ForeSafe,11,mild_minus,0.033175944333996024,0.6023844545947201,0.3976155454052799,0.7538074333333334,3.7047934399187348,0.10647745290240752,0.07572187782272209,0.09736342630231577,18.122518703241894,25.323977556109725,25.322057356608475,0.014424296659793175,42.0,16.877481296758106,0.0,0.0,0.0,0.0,3.0
Adaptive ForeSafe,11,nominal,0.0322820958529923,0.6042797332919833,0.39572026670801674,0.7577444,3.8361985031861696,0.10290062389894597,0.0757478172027336,0.09746619534777701,18.198690773067334,25.397867830423937,25.395947630922695,0.011230495585861137,42.0,16.801309226932666,0.0,0.0,0.0,0.0,3.0
Adaptive ForeSafe,11,standard_compound,0.11869000564652739,0.603884546931827,0.39611545306817303,0.7562568666666667,4.315977592246188,0.16411627963137934,0.07440751256978605,0.08769097292632946,14.58158354114713,22.080785536159603,22.07768079800499,0.056268894653802415,42.0,20.418416458852867,0.0,0.0,0.0,0.0,3.0
Adaptive ForeSafe,12,compound_severe,0.5186252045826514,0.5741839762611276,0.4258160237388724,0.6979804999999999,6.568534376767384,0.08100909700994972,0.0719061262418569,0.052216480791438986,7.058715710723192,14.762892768079801,14.752655860349128,0.2737677248825465,42.0,31.94128428927681,0.0,0.0,0.0,0.0,3.0
Adaptive ForeSafe,12,mild_minus,0.036226415094339624,0.598968105065666,0.40103189493433394,0.7409463,3.6079069584700907,0.0723808134095548,0.07234098662266926,0.09657723341474618,35.85531172069825,39.20756857855362,39.20551122194514,0.016692047186034904,42.0,3.144688279301746,0.0,0.0,0.0,0.0,3.0
Adaptive ForeSafe,12,nominal,0.03580851865812288,0.5977101020328686,0.4022898979671314,0.7390326000000002,3.6214044308403697,0.0730999305342829,0.07232699735710241,0.09692734696518723,36.06178304239402,39.379401496259355,39.376234413965086,0.014692820468452186,42.0,2.9382169576059844,0.0,0.0,0.0,0.0,3.0
Adaptive ForeSafe,12,standard_compound,0.12312380092540345,0.602045560204556,0.397954439795444,0.7507879666666668,4.05462174978279,0.07387864109620232,0.07186002865863352,0.08564619170425941,28.371932668329176,32.80561097256858,32.803067331670825,0.06748824357073005,42.0,10.628067331670822,0.0,0.0,0.0,0.0,3.0
Adaptive ForeSafe,13,compound_severe,0.4664278497290346,0.4477416371203946,0.5522583628796054,0.5418613666666667,11.457292134888647,0.7808188726912815,0.0746592346221171,0.048240227075257935,3.8034164588528676,12.38986284289277,11.538241895261844,0.2765664526793992,42.0,33.196583541147135,0.0,0.0,0.0,0.0,3.0
Adaptive ForeSafe,13,mild_minus,0.04169714703730797,0.5973098259746181,0.4026901740253819,0.7621002000000001,3.9664811984830055,0.19711611305848303,0.07417348219130528,0.09555600273263827,33.93623441396509,39.26537406483791,39.236072319201995,0.023088931023301503,42.0,3.0637655860349127,0.0,0.0,0.0,0.0,3.0
Adaptive ForeSafe,13,nominal,0.03696426378484588,0.6044396485278248,0.3955603514721751,0.7632117333333334,4.03018744233873,0.18486066666928744,0.07416724506665733,0.09645950740994554,34.576284289276806,39.83592269326684,39.806197007481295,0.01547191033977597,42.0,2.423715710723192,0.0,0.0,0.0,0.0,3.0
Adaptive ForeSafe,13,standard_compound,0.1363842319891255,0.5853808353808354,0.4146191646191646,0.7351197666666667,5.403692600320875,0.4674449817839313,0.07429882943390996,0.08227589168718911,25.128802992518704,31.40726932668329,31.298591022443887,0.07571725336995647,42.0,11.871197007481296,0.0,0.0,0.0,0.0,3.0
Adaptive ForeSafe,14,compound_severe,0.5128434219343311,0.5043940795559667,0.4956059204440333,0.6026905,15.850324580730263,0.3586045012294315,0.20102352958572026,0.05250136247452812,6.350324189526184,14.583416458852867,14.494725685785534,0.26961732399268884,42.0,30.649675810473813,0.0,0.0,0.0,0.0,3.0
Adaptive ForeSafe,14,mild_minus,0.033402922755741124,0.5429174484052532,0.4570825515947467,0.6537956333333332,10.146896633250607,0.4327954429093442,0.16755312056396793,0.0889440592354368,28.2863216957606,34.16884039900249,34.11415211970075,0.01226231117274655,42.0,8.713678304239401,0.0,0.0,0.0,0.0,3.0
Adaptive ForeSafe,14,nominal,0.028807718814610615,0.5469647570253067,0.4530352429746934,0.6640553,9.977598638957923,0.4260310200426272,0.1621180170536171,0.0899454013009502,28.973441396508726,34.780112219451375,34.72819201995013,0.015097560743835472,42.0,8.026558603491273,0.0,0.0,0.0,0.0,3.0
Adaptive ForeSafe,14,standard_compound,0.1042708734128511,0.5440947335618572,0.4559052664381427,0.6591696666666667,10.689440614082327,0.41811823863587727,0.16691861189000698,0.08236364741851235,23.9914463840399,30.323104738154615,30.268216957605986,0.043240879159892394,42.0,13.0085536159601,0.0,0.0,0.0,0.0,3.0
Adaptive ForeSafe,15,compound_severe,0.5045530076437355,0.5693988236192804,0.4306011763807196,0.7074269333333334,6.541179245218161,0.09738044307186701,0.07097524239516759,0.05224677212953937,6.780411471321696,15.209750623441396,15.170735660847882,0.28506702174606086,42.0,29.219588528678305,0.0,0.0,0.0,0.0,3.0
Adaptive ForeSafe,15,mild_minus,0.038855054811205846,0.6028726411490565,0.3971273588509435,0.7672017,3.746394425432153,0.09566294316236464,0.0731096444894882,0.09613483150201471,33.47351620947631,39.680910224438904,39.660673316708234,0.021267917904335406,42.0,2.5264837905236908,0.0,0.0,0.0,0.0,3.0
Adaptive ForeSafe,15,nominal,0.03752893871085659,0.5985451238917936,0.4014548761082064,0.7677800333333334,3.830449274096308,0.09429918095291154,0.0731128859828386,0.09620154838922225,33.51463840399003,39.71875311720699,39.6988029925187,0.01565398979666734,42.0,2.485361596009975,0.0,0.0,0.0,0.0,3.0
Adaptive ForeSafe,15,standard_compound,0.12605508662816525,0.5988584474885845,0.40114155251141553,0.7626023333333333,4.081029957201242,0.09446040590962905,0.07253333756193849,0.08495264267550326,26.29571072319202,33.09517456359102,33.06692019950125,0.06401882708403259,42.0,9.70428927680798,0.0,0.0,0.0,0.0,3.0
Adaptive ForeSafe,16,compound_severe,0.5103662979399881,0.5609774607270244,0.43902253927297563,0.7046675333333334,6.616219276736883,0.15151651126598045,0.07448059114411544,0.05195930526943467,5.145374064837905,13.417593516209477,13.365461346633415,0.3047913691616885,42.0,31.854625935162094,0.0,0.0,0.0,0.0,3.0
Adaptive ForeSafe,16,mild_minus,0.038917716827279465,0.5928212162780064,0.4071787837219936,0.7595498,3.813342607062384,0.07837860412506034,0.07683140078378359,0.09636489047413593,27.680685785536163,32.94826683291771,32.94001246882792,0.020402296159368446,42.0,9.31931421446384,0.0,0.0,0.0,0.0,3.0
Adaptive ForeSafe,16,nominal,0.0354417917794733,0.5975451703895708,0.4024548296104292,0.7629820333333335,3.662468339214318,0.07815374026007876,0.07680096389618965,0.09683427319747243,27.999251870324187,33.23389027431422,33.226546134663344,0.020931160577725576,42.0,9.00074812967581,0.0,0.0,0.0,0.0,3.0
Adaptive ForeSafe,16,standard_compound,0.132907133243607,0.5875512995896033,0.4124487004103967,0.7555176333333332,4.02547092492557,0.086631662088721,0.07621833611943957,0.08508435910318525,21.32522443890274,27.400224438902743,27.385922693266835,0.06371955329397097,42.0,15.674775561097258,0.0,0.0,0.0,0.0,3.0
Adaptive ForeSafe,17,compound_severe,0.5248557910428414,0.5634030126037504,0.43659698739624964,0.6943915666666668,6.9872964036190846,0.10107407218867817,0.09245280156357957,0.053120737580278556,4.055935162094763,12.14266832917706,12.11486284289277,0.27779874849309777,42.0,34.94406483790524,0.0,0.0,0.0,0.0,3.0
Adaptive ForeSafe,17,mild_minus,0.030799801291604572,0.597870221405041,0.402129778594959,0.7597874,3.8363627585241886,0.08846681457307617,0.07439193514126938,0.09775369428459449,29.130635910224438,33.01936408977556,33.00480049875312,0.015975487072306872,42.0,9.86936408977556,0.0,0.0,0.0,0.0,3.0
Adaptive ForeSafe,17,nominal,0.02827731613543346,0.5988229899113421,0.4011770100886579,0.7651151666666667,3.8015334110232377,0.08745408903812836,0.07415882737489593,0.09819258967853854,29.359576059850372,33.196197007481295,33.1801246882793,0.011984783465921743,42.0,9.640423940149626,0.0,0.0,0.0,0.0,3.0
Adaptive ForeSafe,17,standard_compound,0.11503416856492027,0.5961331901181526,0.4038668098818475,0.7528095666666667,4.28139604076463,0.09452248034011568,0.07709277905644543,0.0895266590672781,22.957655860349128,27.74577306733167,27.717655860349133,0.05081271370194443,42.0,16.042344139650872,0.0,0.0,0.0,0.0,3.0
Adaptive ForeSafe,18,compound_severe,0.5347458191751616,0.5341952264381885,0.4658047735618115,0.6595409999999999,7.827604089021268,0.16620219477336348,0.06328104596103112,0.04743405116947019,8.923254364089775,16.098216957605988,16.001371571072323,0.3148048591349588,42.0,30.07674563591022,0.0,0.0,0.0,0.0,3.0
Adaptive ForeSafe,18,mild_minus,0.03498694516971279,0.5674804237678489,0.4325195762321511,0.7159634666666668,4.753838384154725,0.17590717431993894,0.0700011012948552,0.09266483380957417,35.719326683291776,39.00638403990025,38.964289276807975,0.01702309140540871,42.0,3.280673316708229,0.0,0.0,0.0,0.0,3.0
Adaptive ForeSafe,18,nominal,0.030931871574001565,0.5726957192441188,0.4273042807558812,0.7192550666666666,4.768877430268193,0.17325603406022236,0.06992102537628728,0.09301962966806243,35.96389027431422,39.217942643391524,39.17526184538653,0.014621818259796493,42.0,3.036109725685785,0.0,0.0,0.0,0.0,3.0
Adaptive ForeSafe,18,standard_compound,0.11736975704097667,0.5686915887850468,0.4313084112149533,0.7042180333333334,5.030120867305484,0.17151062694602529,0.06900937391996048,0.08322653987627557,29.702381546134667,33.82188279301746,33.774738154613466,0.045246256055186784,42.0,9.297618453865336,0.0,0.0,0.0,0.0,3.0
Adaptive ForeSafe,19,compound_severe,0.4990875912408759,0.5567951318458418,0.4432048681541582,0.6706229666666667,7.39195189111218,0.19299139452931993,0.060567871893354254,0.05387213154396271,7.641957605985038,15.874201995012468,15.834763092269327,0.2671656338467199,42.0,27.358042394014966,0.0,0.0,0.0,0.0,3.0
Adaptive ForeSafe,19,mild_minus,0.0328964276535595,0.5863197257712683,0.4136802742287317,0.7274248666666668,4.104870526999815,0.11661325069424543,0.07423203464279277,0.0977703635374041,32.9235536159601,39.98740648379052,39.96335411471322,0.014240708015596992,42.0,2.0764463840399,0.0,0.0,0.0,0.0,3.0
Adaptive ForeSafe,19,nominal,0.02902851245000645,0.5839540657976412,0.4160459342023588,0.7218179333333333,4.0677889379143775,0.11842362016686116,0.07412700326551222,0.09774145519300673,32.92130922693267,39.981209476309225,39.957780548628435,0.014330179574731358,42.0,2.078690773067332,0.0,0.0,0.0,0.0,3.0
Adaptive ForeSafe,19,standard_compound,0.10995977081555529,0.5749724366041896,0.4250275633958104,0.6965285666666667,4.589924490909564,0.1295418998454861,0.0718130950406983,0.08970107752631534,28.104426433915215,35.37618453865337,35.347094763092265,0.04324481796265891,42.0,6.8955735660847886,0.0,0.0,0.0,0.0,3.0
Adaptive ForeSafe,20,compound_severe,0.5121210119558756,0.56771714066103,0.43228285933897004,0.7038832333333334,7.0698233995444575,0.1546312197244466,0.07232827781959714,0.053858127599483545,7.672643391521198,15.583092269326684,15.54061097256858,0.28119157433545006,42.0,30.327356608478805,0.0,0.0,0.0,0.0,3.0
Adaptive ForeSafe,20,mild_minus,0.02998258273202289,0.5961009174311926,0.40389908256880735,0.7644165333333334,3.845733435599704,0.0824855359927116,0.07374390609297628,0.09777015125439048,34.46576059850374,38.6654114713217,38.64790523690773,0.012079812968791646,42.0,3.534239401496259,0.0,0.0,0.0,0.0,3.0
Adaptive ForeSafe,20,nominal,0.02973240832507433,0.6052082528398115,0.39479174716018856,0.7670606333333335,3.835899036520172,0.08271410397263348,0.07374370706511513,0.09777914142507627,34.47114713216958,38.67021197007482,38.652705735660845,0.01628130182141155,42.0,3.5288528678304236,0.0,0.0,0.0,0.0,3.0
Adaptive ForeSafe,20,standard_compound,0.11859625366734372,0.6027471255498109,0.39725287445018903,0.7624487999999999,4.330626187958355,0.08438222595182811,0.0734902503415756,0.08963713489419,29.21811720698254,34.12997506234414,34.106184538653366,0.05333192880406587,42.0,8.781882793017456,0.0,0.0,0.0,0.0,3.0
"Adaptive ForeSafe, no belief",11,compound_severe,0.4584872471416007,0.47706493103982645,0.5229350689601736,0.5546908666666667,16.20657827685284,0.7191097041135706,0.05650178965840698,0.05049187715787006,5.410598503740648,13.77079800498753,13.110573566084788,0.27950379488474636,42.0,30.589401496259352,0.0,0.0,0.0,0.0,3.0
"Adaptive ForeSafe, no belief",11,mild_minus,0.026110678098207326,0.5825174825174825,0.41748251748251747,0.7154699,5.954955570290836,0.33228565844313107,0.06721020269941562,0.09741672870976,33.27422693266833,39.37683291770574,39.31846633416458,0.017921031331744254,42.0,2.725773067331671,0.0,0.0,0.0,0.0,3.0
"Adaptive ForeSafe, no belief",11,nominal,0.02769867978255242,0.5809744779582366,0.41902552204176335,0.7199962999999999,6.149257511369711,0.336477777488337,0.06722111008552706,0.09741172777936334,33.248965087281796,39.35130922693267,39.29044887780548,0.008991085088087363,42.0,2.7510349127182048,0.0,0.0,0.0,0.0,3.0
"Adaptive ForeSafe, no belief",11,standard_compound,0.10214467466375864,0.5768332554880897,0.42316674451191033,0.7053336333333334,7.0926197240619855,0.4511986869688112,0.06513030252779396,0.08775976911076472,27.639576059850373,34.16506234413965,34.05880299251871,0.05829218829638989,42.0,8.360423940149627,0.0,0.0,0.0,0.0,3.0
"Adaptive ForeSafe, no belief",12,compound_severe,0.5046735743786682,0.5373368967143531,0.4626631032856469,0.6258021333333335,9.969620822980286,0.3392320600639432,0.07278945448871076,0.05386053329088759,3.175,11.308478802992518,11.259875311720698,0.27847379389869126,42.0,33.825,0.0,0.0,0.0,0.0,3.0
"Adaptive ForeSafe, no belief",12,mild_minus,0.025873391121618072,0.5758987499029428,0.42410125009705724,0.7085209333333334,6.138069871985827,0.31293606593246487,0.07477165008674458,0.09779861489788992,11.799214463840398,16.961670822942644,16.895274314214465,0.011941709213970548,42.0,25.2007855361596,0.0,0.0,0.0,0.0,3.0
"Adaptive ForeSafe, no belief",12,nominal,0.025627615062761507,0.583463827121829,0.416536172878171,0.7075946333333334,6.118761565521543,0.31111358029002306,0.07478583386418709,0.09778012811106614,11.765423940149626,16.928553615960098,16.866783042394015,0.009956836597904044,42.0,25.23457605985038,0.0,0.0,0.0,0.0,3.0
"Adaptive ForeSafe, no belief",12,standard_compound,0.09656940544500062,0.5735989458181536,0.4264010541818464,0.7016967000000001,6.5179032364191976,0.32641702880801604,0.07442750781844193,0.08966183043282873,9.884925187032417,15.623603491271819,15.554825436408978,0.04493413821731753,42.0,27.11507481296758,0.0,0.0,0.0,0.0,3.0
"Adaptive ForeSafe, no belief",13,compound_severe,0.5055077915099409,0.5654377880184331,0.4345622119815668,0.6987738666666666,6.987233326279474,0.16983625378415293,0.071553204773398,0.05122901708194675,6.573241895261845,14.651172069825437,14.616720698254364,0.30126903447220676,42.0,31.426758104738155,0.0,0.0,0.0,0.0,3.0
"Adaptive ForeSafe, no belief",13,mild_minus,0.041012534988438605,0.5981932741213087,0.40180672587869126,0.7647225333333334,3.8544329737362055,0.09616513978645216,0.07477493058992289,0.09614922557463439,35.28562344139651,39.623004987531175,39.60215710723193,0.02005394180007247,42.0,2.7143765586034916,0.0,0.0,0.0,0.0,3.0
"Adaptive ForeSafe, no belief",13,nominal,0.03678807137619164,0.6077735790853706,0.39222642091462945,0.7672226666666667,3.9297413039889593,0.09873795449502448,0.07480400092734897,0.09666241239303516,35.67423940149626,39.96172069825437,39.93977556109726,0.01189404065577774,42.0,2.325760598503741,0.0,0.0,0.0,0.0,3.0
"Adaptive ForeSafe, no belief",13,standard_compound,0.1348563823888211,0.5978235880144073,0.4021764119855928,0.7534803666666667,4.269263461226843,0.10476634546775834,0.07383207089040061,0.08539923469801437,28.043017456359102,33.28981296758105,33.26081047381546,0.06029213707502239,42.0,9.956982543640898,0.0,0.0,0.0,0.0,3.0
"Adaptive ForeSafe, no belief",14,compound_severe,0.5007740568728102,0.47525597269624575,0.5247440273037542,0.5702748333333334,9.787053894767293,0.7562711342218936,0.0678728093627603,0.048768778730833164,4.123254364089775,12.561384039900249,11.595236907730673,0.27049335331129787,42.0,31.876745635910225,0.0,0.0,0.0,0.0,3.0
"Adaptive ForeSafe, no belief",14,mild_minus,0.04033169996230682,0.5938423262323123,0.40615767376768774,0.7444228666666666,4.006871627564539,0.19655495383085736,0.08003557472546671,0.09536165261685359,32.396309226932665,38.65586034912718,38.63754364089775,0.021618998590889924,42.0,3.6036907730673318,0.0,0.0,0.0,0.0,3.0
"Adaptive ForeSafe, no belief",14,nominal,0.0358560794044665,0.602263039603193,0.39773696039680695,0.7582726666666667,3.7464081677017007,0.19580933028422026,0.07991033847441432,0.09529457517004318,32.35756857855362,38.6165710723192,38.59822942643392,0.016564054164882824,42.0,3.6424314214463838,0.0,0.0,0.0,0.0,3.0
"Adaptive ForeSafe, no belief",14,standard_compound,0.1332720588235294,0.5871274029107324,0.41287259708926766,0.7273692333333335,5.5482976148650955,0.4768092542379023,0.07811018430878708,0.08242550000289718,24.12233167082294,31.0248753117207,30.907593516209474,0.0739604460125008,42.0,11.877668329177059,0.0,0.0,0.0,0.0,3.0
"Adaptive ForeSafe, no belief",15,compound_severe,0.5164018277296597,0.5401843528605165,0.45981564713948353,0.6581101666666666,8.552781913099876,0.19491866668470015,0.07428653505089644,0.05106282490940491,6.977531172069826,14.603915211970074,14.553628428927682,0.3372934837114665,42.0,34.022468827930176,0.0,0.0,0.0,0.0,3.0
"Adaptive ForeSafe, no belief",15,mild_minus,0.02906530089628681,0.5787666005190047,0.42123339948099525,0.7280365000000001,5.954782633556644,0.30817481852400863,0.07489480364756501,0.09770379381476765,39.23445137157107,40.57147132169576,40.49417705735661,0.009542615143276678,42.0,1.765548628428928,0.0,0.0,0.0,0.0,3.0
"Adaptive ForeSafe, no belief",15,nominal,0.022931078657442993,0.581281914488225,0.41871808551177503,0.7350825666666667,5.853679378960026,0.3071924558030097,0.0748973953752706,0.09785656583628004,39.36057356608479,40.67470074812968,40.60026184538654,0.010177843965257938,42.0,1.6394264339152118,0.0,0.0,0.0,0.0,3.0
"Adaptive ForeSafe, no belief",15,standard_compound,0.09635353779280367,0.5706878145493366,0.4293121854506634,0.7120775333333333,6.191417739819152,0.29783937890013584,0.0746849505808622,0.08852532717180585,32.51790523690773,35.150211970074814,35.069725685785535,0.05133364012889704,42.0,8.48209476309227,0.0,0.0,0.0,0.0,3.0
"Adaptive ForeSafe, no belief",16,compound_severe,0.4704844997215519,0.43646239767424067,0.5635376023257593,0.5302165,12.492386325078174,0.8134578795061684,0.06532084767634691,0.048140762351936414,3.890960099750623,12.58721945137157,11.995224438902744,0.26519550877687464,42.0,31.10903990024937,0.0,0.0,0.0,0.0,3.0
"Adaptive ForeSafe, no belief",16,mild_minus,0.04014869888475837,0.5914331526303733,0.4085668473696266,0.7547587333333334,3.8832169833437122,0.19705472281872027,0.07045902919637365,0.09583263524392915,32.48917705735661,39.601221945137155,39.58175810473816,0.0240218078673088,42.0,2.510822942643392,0.0,0.0,0.0,0.0,3.0
"Adaptive ForeSafe, no belief",16,nominal,0.0359400173503532,0.595498736890454,0.40450126310954604,0.7591325333333333,3.834147359572641,0.19858576790628948,0.07052572627043223,0.09597090461073182,32.563690773067336,39.67380299251871,39.653416458852874,0.026169459996448496,42.0,2.4363092269326683,0.0,0.0,0.0,0.0,3.0
"Adaptive ForeSafe, no belief",16,standard_compound,0.1359908883826879,0.5784657617813024,0.42153423821869757,0.7325617666666667,5.394539413285005,0.4956606874949994,0.06898654092251878,0.08242356557934265,24.384201995012468,31.90283042394015,31.81576059850374,0.08650728186671389,42.0,10.615798004987532,0.0,0.0,0.0,0.0,3.0
"Adaptive ForeSafe, no belief",17,compound_severe,0.5242560395910659,0.5582639260334683,0.4417360739665317,0.6940422333333334,7.338091964353468,0.20028028064236822,0.0692413391655501,0.05127836325898935,5.14430174563591,12.89941396508728,12.876571072319202,0.2906301962831488,42.0,34.855698254364086,0.0,0.0,0.0,0.0,3.0
"Adaptive ForeSafe, no belief",17,mild_minus,0.029610194902548726,0.5973696354407014,0.40263036455929857,0.7547633666666667,4.13187223418678,0.1263155606073393,0.07058836254089174,0.09778999096265509,27.607019950124688,29.991708229426433,29.985610972568576,0.013778617117001178,42.0,12.392980049875314,0.0,0.0,0.0,0.0,3.0
"Adaptive ForeSafe, no belief",17,nominal,0.029072681704260653,0.5940351146208694,0.40596488537913056,0.7504729,4.163491801115719,0.1277272785208919,0.07059989511246727,0.09780364582177864,27.595311720698255,29.97943890274314,29.97376558603491,0.010486546815183777,42.0,12.404688279301745,0.0,0.0,0.0,0.0,3.0
"Adaptive ForeSafe, no belief",17,standard_compound,0.1139890460976723,0.5912136439774631,0.40878635602253693,0.7510427333333334,4.558022723065611,0.16341705658364553,0.07001285516427004,0.0883721699634791,22.746109725685784,26.21699501246883,26.207581047381545,0.05408862159815289,42.0,17.253890274314216,0.0,0.0,0.0,0.0,3.0
"Adaptive ForeSafe, no belief",18,compound_severe,0.5096663432111667,0.5074938195302843,0.49250618046971567,0.6073530333333333,10.25387343026844,0.6304392700503644,0.060154814530591294,0.050571102019457984,5.028678304239402,13.631172069825435,13.45345386533666,0.30534637585215013,42.0,28.971321695760597,0.0,0.0,0.0,0.0,3.0
"Adaptive ForeSafe, no belief",18,mild_minus,0.03676085818942962,0.5632649938800489,0.43673500611995103,0.7128866,4.2612650273279895,0.1822515081882598,0.07586913861626954,0.09742732559690087,30.923416458852863,38.979613466334165,38.96508728179551,0.013002469810077199,42.0,3.0765835411471323,0.0,0.0,0.0,0.0,3.0
"Adaptive ForeSafe, no belief",18,nominal,0.028437917222963953,0.5593389700230592,0.4406610299769408,0.7021104000000001,4.3134316574879685,0.17949592551730256,0.07648646474265469,0.09772295922731987,31.0735536159601,39.12731920199501,39.11139650872818,0.016729865063471246,42.0,2.9264463840399,0.0,0.0,0.0,0.0,3.0
"Adaptive ForeSafe, no belief",18,standard_compound,0.12027821081664468,0.5598290598290598,0.44017094017094016,0.7090756333333335,4.816340260987449,0.2914244728106385,0.0731405116504109,0.08904381148466928,26.03480049875312,34.19794264339152,34.16834164588529,0.05513594996560075,42.0,7.965199501246883,0.0,0.0,0.0,0.0,3.0
"Adaptive ForeSafe, no belief",19,compound_severe,0.5000353182171364,0.5486396403379583,0.4513603596620417,0.6626407333333334,8.146888520993537,0.23032471715444494,0.06315894742800555,0.05390740191698174,9.120473815461345,16.368391521197008,16.328391521197005,0.28607848822467086,42.0,30.879526184538655,0.0,0.0,0.0,0.0,3.0
"Adaptive ForeSafe, no belief",19,mild_minus,0.034115685520071826,0.5865264797507788,0.4134735202492212,0.7276577000000001,4.0976649388568,0.1137585286969058,0.06872541031175454,0.09749600609569463,38.33108478802992,40.57711970074813,40.54993765586035,0.01538754027519698,42.0,1.6689152119700748,0.0,0.0,0.0,0.0,3.0
"Adaptive ForeSafe, no belief",19,nominal,0.02798555584214599,0.584989133809376,0.41501086619062405,0.7238096333333334,4.054176763522586,0.11439954948094513,0.06882474198314982,0.09786547549628302,38.59589775561097,40.802680798004985,40.77557356608479,0.012437913898657614,42.0,1.4041022443890272,0.0,0.0,0.0,0.0,3.0
"Adaptive ForeSafe, no belief",19,standard_compound,0.1095324833029751,0.5743714263335161,0.4256285736664839,0.7007601999999999,4.626697146093198,0.12735130506149545,0.06778584937841402,0.09001206409772712,33.346172069825435,36.37401496259352,36.339127182044884,0.046342021341807024,42.0,6.653827930174564,0.0,0.0,0.0,0.0,3.0
"Adaptive ForeSafe, no belief",20,compound_severe,0.5171417312491791,0.5688641287527081,0.43113587124729186,0.7009074666666667,7.007415795001793,0.09673836571984412,0.058906807457410365,0.05380652098277416,7.501982543640898,15.266857855361595,15.230174563591023,0.2629338467384115,42.0,30.498017456359104,0.0,0.0,0.0,0.0,3.0
"Adaptive ForeSafe, no belief",20,mild_minus,0.03391293624367986,0.6016434989632132,0.3983565010367867,0.7683330666666667,4.118225498721415,0.11345292068596198,0.05905338543957267,0.09777132766865543,30.335972568578555,34.48452618453865,34.46402743142144,0.01119077072149404,42.0,7.664027431421447,0.0,0.0,0.0,0.0,3.0
"Adaptive ForeSafe, no belief",20,nominal,0.02928713858424726,0.6015600864998455,0.39843991350015445,0.7610597666666666,4.127784381180843,0.10757239599027002,0.05906145728859777,0.09759506914394937,30.21625935162095,34.380162094763094,34.36182044887781,0.016268450823137375,42.0,7.7837406483790526,0.0,0.0,0.0,0.0,3.0
"Adaptive ForeSafe, no belief",20,standard_compound,0.12258064516129032,0.5898389095415117,0.41016109045848825,0.7392529,4.603288724674467,0.11261814441033696,0.058957890339911015,0.08893987717930886,25.70720698254364,30.518940149625934,30.491695760598503,0.053041006531406074,42.0,12.292793017456358,0.0,0.0,0.0,0.0,3.0
Belief-PPO,11,compound_severe,0.5370982839313573,0.5729070126660488,0.4270929873339512,0.7055698666666665,6.690452738571051,0.057968369647868896,,,,,,,,,0.0,0.0,0.0,0.0,3.0
Belief-PPO,11,mild_minus,0.03816793893129771,0.6086482275029217,0.3913517724970783,0.7584925000000001,3.5701398713601282,0.07616906420947718,,,,,,,,,0.0,0.0,0.0,0.0,3.0
Belief-PPO,11,nominal,0.038845726970033294,0.6060181945416375,0.3939818054583625,0.7609066666666666,3.7305838079575153,0.0741967083119798,,,,,,,,,0.0,0.0,0.0,0.0,3.0
Belief-PPO,11,standard_compound,0.13735715078220348,0.5986755986755987,0.40132440132440134,0.7537978000000001,4.170301998730318,0.07275726115416757,,,,,,,,,0.0,0.0,0.0,0.0,3.0
Belief-PPO,12,compound_severe,0.5392113703540657,0.569529731830548,0.430470268169452,0.6896932,6.794406034049714,0.07648772113032738,,,,,,,,,0.0,0.0,0.0,0.0,3.0
Belief-PPO,12,mild_minus,0.043108834187179805,0.5984215050402438,0.40157849495975617,0.7380810333333335,3.832174149604329,0.08888148096508702,,,,,,,,,0.0,0.0,0.0,0.0,3.0
Belief-PPO,12,nominal,0.036455059710873663,0.5977540357170709,0.40224596428292914,0.7373406666666668,3.8613271201080734,0.08867410530812342,,,,,,,,,0.0,0.0,0.0,0.0,3.0
Belief-PPO,12,standard_compound,0.1358695652173913,0.5927306616961789,0.40726933830382106,0.7330321666666667,4.32236216107322,0.08579078677217539,,,,,,,,,0.0,0.0,0.0,0.0,3.0
Belief-PPO,13,compound_severe,0.5363003480855296,0.5733610022288832,0.42663899777111675,0.7105887,6.335101179948281,0.056479308574250035,,,,,,,,,0.0,0.0,0.0,0.0,3.0
Belief-PPO,13,mild_minus,0.038764459758798914,0.5970799571930897,0.40292004280691024,0.7583734666666666,3.540429040763955,0.07440973744100346,,,,,,,,,0.0,0.0,0.0,0.0,3.0
Belief-PPO,13,nominal,0.034803071587812734,0.605610817531862,0.39438918246813803,0.7579544666666668,3.644353844648798,0.07396032768832572,,,,,,,,,0.0,0.0,0.0,0.0,3.0
Belief-PPO,13,standard_compound,0.13991860081399185,0.5961421164989326,0.4038578835010674,0.7585021666666668,3.956868617283618,0.0710420218873444,,,,,,,,,0.0,0.0,0.0,0.0,3.0
Belief-PPO,14,compound_severe,0.5167678901505149,0.5651200494094032,0.43487995059059675,0.6956052666666668,7.200878613965808,0.11446974858140038,,,,,,,,,0.0,0.0,0.0,0.0,3.0
Belief-PPO,14,mild_minus,0.03332491795001262,0.6002508230130115,0.39974917698698853,0.7450169,4.148448263158904,0.11554896378486673,,,,,,,,,0.0,0.0,0.0,0.0,3.0
Belief-PPO,14,nominal,0.025314845439511513,0.5954305253341623,0.40456947466583776,0.7442928000000001,4.06513474133141,0.12091354867173944,,,,,,,,,0.0,0.0,0.0,0.0,3.0
Belief-PPO,14,standard_compound,0.11684088269454124,0.5944340212632896,0.40556597873671046,0.7338668666666667,4.618593581302524,0.1162871171778022,,,,,,,,,0.0,0.0,0.0,0.0,3.0
Belief-PPO,15,compound_severe,0.541658946328207,0.5671379442109286,0.43286205578907144,0.7039431333333335,6.117665421333434,0.057219425690958954,,,,,,,,,0.0,0.0,0.0,0.0,3.0
Belief-PPO,15,mild_minus,0.045459983251585116,0.6069065185973986,0.39309348140260136,0.7762433333333334,3.536289440206711,0.07382449591539682,,,,,,,,,0.0,0.0,0.0,0.0,3.0
Belief-PPO,15,nominal,0.03739445114595899,0.606659571233085,0.393340428766915,0.7760505333333333,3.487158597863651,0.073050364806243,,,,,,,,,0.0,0.0,0.0,0.0,3.0
Belief-PPO,15,standard_compound,0.13339183852566916,0.5997115311622258,0.40028846883777425,0.7674642333333332,3.8632860941257503,0.07022212411769227,,,,,,,,,0.0,0.0,0.0,0.0,3.0
Belief-PPO,16,compound_severe,0.5087613697164259,0.5617590822179732,0.4382409177820268,0.7000846000000002,6.4857809011130145,0.08776956047551547,,,,,,,,,0.0,0.0,0.0,0.0,3.0
Belief-PPO,16,mild_minus,0.03575817154091915,0.5960501329282187,0.40394986707178127,0.7647488000000001,3.8852611100536523,0.08620116435113687,,,,,,,,,0.0,0.0,0.0,0.0,3.0
Belief-PPO,16,nominal,0.02585673636026228,0.5997867154174285,0.4002132845825716,0.7710199,3.8317341546496437,0.08559830672986486,,,,,,,,,0.0,0.0,0.0,0.0,3.0
Belief-PPO,16,standard_compound,0.11250143496728275,0.5920961936126216,0.40790380638737844,0.7542046333333334,4.1054325157362594,0.08752269009904382,,,,,,,,,0.0,0.0,0.0,0.0,3.0
Belief-PPO,17,compound_severe,0.5336171835282155,0.5606998242799297,0.4393001757200703,0.6976185666666666,6.544189881433451,0.05943683351765773,,,,,,,,,0.0,0.0,0.0,0.0,3.0
Belief-PPO,17,mild_minus,0.03871366728509586,0.5964696853415196,0.40353031465848044,0.7581586000000001,3.6553529896103134,0.07359147187906873,,,,,,,,,0.0,0.0,0.0,0.0,3.0
Belief-PPO,17,nominal,0.03745088408644401,0.6004595940252777,0.39954040597472235,0.7653573,3.6420613639658246,0.07268889380439797,,,,,,,,,0.0,0.0,0.0,0.0,3.0
Belief-PPO,17,standard_compound,0.12794426628331307,0.5996958174904943,0.4003041825095057,0.7702844000000002,4.051350570816611,0.06988018240113428,,,,,,,,,0.0,0.0,0.0,0.0,3.0
Belief-PPO,18,compound_severe,0.5014914772727272,0.5456736375651092,0.4543263624348908,0.6672595333333333,6.563974469281725,0.11033456748321452,,,,,,,,,0.0,0.0,0.0,0.0,3.0
Belief-PPO,18,mild_minus,0.0314062299705166,0.5777641841260132,0.42223581587398684,0.7355565333333333,3.7751585531607907,0.11026096201841802,,,,,,,,,0.0,0.0,0.0,0.0,3.0
Belief-PPO,18,nominal,0.033350436121087734,0.579915352058484,0.42008464794151595,0.7348924333333333,3.8404455918433653,0.10966459677050291,,,,,,,,,0.0,0.0,0.0,0.0,3.0
Belief-PPO,18,standard_compound,0.11283582089552238,0.5729046187061454,0.4270953812938546,0.7240890666666666,4.242456621237797,0.11414000409592383,,,,,,,,,0.0,0.0,0.0,0.0,3.0
Belief-PPO,19,compound_severe,0.5076410113920533,0.552541315871531,0.44745868412846895,0.6648871333333334,7.39992754315667,0.11341560496322384,,,,,,,,,0.0,0.0,0.0,0.0,3.0
Belief-PPO,19,mild_minus,0.0333889816360601,0.5865347151874075,0.41346528481259254,0.7272157666666667,4.100493361364755,0.11149396543300638,,,,,,,,,0.0,0.0,0.0,0.0,3.0
Belief-PPO,19,nominal,0.028994845360824743,0.5846070292497478,0.41539297075025217,0.7227406666666667,4.052658835536459,0.11314791521113872,,,,,,,,,0.0,0.0,0.0,0.0,3.0
Belief-PPO,19,standard_compound,0.11030214779759738,0.5752844252648097,0.4247155747351903,0.7001366333333334,4.5725693194008725,0.1098457064739446,,,,,,,,,0.0,0.0,0.0,0.0,3.0
Belief-PPO,20,compound_severe,0.5387155048900517,0.5693088337049281,0.43069116629507187,0.7083093666666668,6.378943677717537,0.05278584825898457,,,,,,,,,0.0,0.0,0.0,0.0,3.0
Belief-PPO,20,mild_minus,0.0399900953324254,0.5992735141819306,0.4007264858180694,0.7596768,3.683880446972014,0.06974887237196262,,,,,,,,,0.0,0.0,0.0,0.0,3.0
Belief-PPO,20,nominal,0.03667361707346989,0.6046654861806143,0.3953345138193856,0.7702264000000001,3.6109992133909814,0.06824823908059367,,,,,,,,,0.0,0.0,0.0,0.0,3.0
Belief-PPO,20,standard_compound,0.1347835837631756,0.5986500116378307,0.4013499883621693,0.7525545333333334,4.140745471835382,0.06659110205691768,,,,,,,,,0.0,0.0,0.0,0.0,3.0
Belief-PPO-Lagrangian,11,compound_severe,0.5370982839313573,0.5729070126660488,0.4270929873339512,0.7055698666666665,6.690452738571051,0.057968369647868896,,,,,,,,,0.0,0.0,0.0,0.0,3.0
Belief-PPO-Lagrangian,11,mild_minus,0.03816793893129771,0.6086482275029217,0.3913517724970783,0.7584925000000001,3.5701398713601282,0.07616906420947718,,,,,,,,,0.0,0.0,0.0,0.0,3.0
Belief-PPO-Lagrangian,11,nominal,0.038845726970033294,0.6060181945416375,0.3939818054583625,0.7609066666666666,3.7305838079575153,0.0741967083119798,,,,,,,,,0.0,0.0,0.0,0.0,3.0
Belief-PPO-Lagrangian,11,standard_compound,0.13735715078220348,0.5986755986755987,0.40132440132440134,0.7537978000000001,4.170301998730318,0.07275726115416757,,,,,,,,,0.0,0.0,0.0,0.0,3.0
Belief-PPO-Lagrangian,12,compound_severe,0.5392113703540657,0.569529731830548,0.430470268169452,0.6896932,6.794406034049714,0.07648772113032738,,,,,,,,,0.0,0.0,0.0,0.0,3.0
Belief-PPO-Lagrangian,12,mild_minus,0.043108834187179805,0.5984215050402438,0.40157849495975617,0.7380810333333335,3.832174149604329,0.08888148096508702,,,,,,,,,0.0,0.0,0.0,0.0,3.0
Belief-PPO-Lagrangian,12,nominal,0.036455059710873663,0.5977540357170709,0.40224596428292914,0.7373406666666668,3.8613271201080734,0.08867410530812342,,,,,,,,,0.0,0.0,0.0,0.0,3.0
Belief-PPO-Lagrangian,12,standard_compound,0.1358695652173913,0.5927306616961789,0.40726933830382106,0.7330321666666667,4.32236216107322,0.08579078677217539,,,,,,,,,0.0,0.0,0.0,0.0,3.0
Belief-PPO-Lagrangian,13,compound_severe,0.5068189452468929,0.5655188352207072,0.4344811647792928,0.6951242000000001,7.106103493823856,0.12414820939151987,,,,,,,,,0.0,0.0,0.0,0.0,3.0
Belief-PPO-Lagrangian,13,mild_minus,0.03442724458204335,0.6021779425393883,0.39782205746061167,0.7523767333333333,4.083734512257572,0.11666696612927632,,,,,,,,,0.0,0.0,0.0,0.0,3.0
Belief-PPO-Lagrangian,13,nominal,0.027854454203262234,0.6000154882676373,0.3999845117323627,0.7490451333333334,4.125683917027802,0.11877581366453434,,,,,,,,,0.0,0.0,0.0,0.0,3.0
Belief-PPO-Lagrangian,13,standard_compound,0.1172748841938764,0.5958663819402075,0.40413361805979253,0.7553005333333335,4.414522913340108,0.11778391146185435,,,,,,,,,0.0,0.0,0.0,0.0,3.0
Belief-PPO-Lagrangian,14,compound_severe,0.52885355219287,0.5697890818858561,0.4302109181141439,0.7000846666666667,6.906892064026908,0.07997222743873972,,,,,,,,,0.0,0.0,0.0,0.0,3.0
Belief-PPO-Lagrangian,14,mild_minus,0.03760726905603231,0.5935092225075881,0.40649077749241186,0.7430982666666667,3.9872417179566515,0.09325984589629512,,,,,,,,,0.0,0.0,0.0,0.0,3.0
Belief-PPO-Lagrangian,14,nominal,0.03577661431064572,0.5978512907713711,0.40214870922862883,0.7512953333333334,3.8550359301733965,0.09508643016929592,,,,,,,,,0.0,0.0,0.0,0.0,3.0
Belief-PPO-Lagrangian,14,standard_compound,0.12871853546910755,0.59399375975039,0.40600624024960996,0.7365841333333334,4.412036136087578,0.09199023632958231,,,,,,,,,0.0,0.0,0.0,0.0,3.0
Belief-PPO-Lagrangian,15,compound_severe,0.5481459149834188,0.5686750645014418,0.4313249354985582,0.7118355666666666,6.596624004885741,0.08309256997029722,,,,,,,,,0.0,0.0,0.0,0.0,3.0
Belief-PPO-Lagrangian,15,mild_minus,0.040258631206538976,0.6021431305013395,0.39785686949866056,0.7650019666666666,3.787526124112197,0.09512573638166259,,,,,,,,,0.0,0.0,0.0,0.0,3.0
Belief-PPO-Lagrangian,15,nominal,0.03718104495747266,0.6001211754013935,0.39987882459860646,0.7708034333333333,3.8128912826936814,0.0931457859666456,,,,,,,,,0.0,0.0,0.0,0.0,3.0
Belief-PPO-Lagrangian,15,standard_compound,0.1298786487372909,0.5996835443037974,0.40031645569620256,0.7742924666666667,4.119585042321673,0.08909987075871709,,,,,,,,,0.0,0.0,0.0,0.0,3.0
Belief-PPO-Lagrangian,16,compound_severe,0.5082735981777986,0.5569889209288208,0.44301107907117926,0.6980926000000001,6.861743466724001,0.11600427925983778,,,,,,,,,0.0,0.0,0.0,0.0,3.0
Belief-PPO-Lagrangian,16,mild_minus,0.03337068858174574,0.5916920731707317,0.4083079268292683,0.7556358666666668,4.18887784756372,0.1148500549484346,,,,,,,,,0.0,0.0,0.0,0.0,3.0
Belief-PPO-Lagrangian,16,nominal,0.031347182485383755,0.5967964438994482,0.4032035561005518,0.7610316666666668,4.17036573414263,0.11826003304531887,,,,,,,,,0.0,0.0,0.0,0.0,3.0
Belief-PPO-Lagrangian,16,standard_compound,0.11487865729190293,0.5914222929453664,0.40857770705463364,0.7581829333333334,4.3201335494588164,0.11641756474380335,,,,,,,,,0.0,0.0,0.0,0.0,3.0
Belief-PPO-Lagrangian,17,compound_severe,0.5091382070437567,0.562270782396088,0.437729217603912,0.7021463666666667,7.11789760320896,0.11702448845681726,,,,,,,,,0.0,0.0,0.0,0.0,3.0
Belief-PPO-Lagrangian,17,mild_minus,0.029301277235161533,0.5967208067123393,0.4032791932876607,0.7534585666666668,4.179513686146079,0.11413815355177251,,,,,,,,,0.0,0.0,0.0,0.0,3.0
Belief-PPO-Lagrangian,17,nominal,0.029076325354054394,0.5930036742192284,0.4069963257807716,0.7512204,4.129569206097598,0.11601367093806175,,,,,,,,,0.0,0.0,0.0,0.0,3.0
Belief-PPO-Lagrangian,17,standard_compound,0.11289022002073494,0.5877280012210944,0.4122719987789056,0.7445176666666667,4.5162061751024005,0.114622984538084,,,,,,,,,0.0,0.0,0.0,0.0,3.0
Belief-PPO-Lagrangian,18,compound_severe,0.5386303491899568,0.5507782400986284,0.44922175990137153,0.6793751,6.402267738209202,0.07106346070060303,,,,,,,,,0.0,0.0,0.0,0.0,3.0
Belief-PPO-Lagrangian,18,mild_minus,0.04316364098006856,0.5815586419753086,0.41844135802469135,0.7380147666666668,3.7838021771764017,0.08630772380049104,,,,,,,,,0.0,0.0,0.0,0.0,3.0
Belief-PPO-Lagrangian,18,nominal,0.039248063000127016,0.5824734329277683,0.4175265670722316,0.7390957333333334,3.733879761812291,0.08827479052143701,,,,,,,,,0.0,0.0,0.0,0.0,3.0
Belief-PPO-Lagrangian,18,standard_compound,0.13274029574861368,0.5810371517027864,0.41896284829721364,0.7303694000000001,4.022745801557048,0.08574680615508751,,,,,,,,,0.0,0.0,0.0,0.0,3.0
Belief-PPO-Lagrangian,19,compound_severe,0.5076410113920533,0.552541315871531,0.44745868412846895,0.6648871333333334,7.39992754315667,0.11341560496322384,,,,,,,,,0.0,0.0,0.0,0.0,3.0
Belief-PPO-Lagrangian,19,mild_minus,0.0333889816360601,0.5865347151874075,0.41346528481259254,0.7272157666666667,4.100493361364755,0.11149396543300638,,,,,,,,,0.0,0.0,0.0,0.0,3.0
Belief-PPO-Lagrangian,19,nominal,0.028994845360824743,0.5846070292497478,0.41539297075025217,0.7227406666666667,4.052658835536459,0.11314791521113872,,,,,,,,,0.0,0.0,0.0,0.0,3.0
Belief-PPO-Lagrangian,19,standard_compound,0.11030214779759738,0.5752844252648097,0.4247155747351903,0.7001366333333334,4.5725693194008725,0.1098457064739446,,,,,,,,,0.0,0.0,0.0,0.0,3.0
Belief-PPO-Lagrangian,20,compound_severe,0.5374866006683902,0.5651001540832049,0.4348998459167951,0.7001802666666667,6.854296939036133,0.07677999083555581,,,,,,,,,0.0,0.0,0.0,0.0,3.0
Belief-PPO-Lagrangian,20,mild_minus,0.04037037037037037,0.5970046082949308,0.40299539170506915,0.7590507,4.003969840274093,0.08787697865747485,,,,,,,,,0.0,0.0,0.0,0.0,3.0
Belief-PPO-Lagrangian,20,nominal,0.03290857354942472,0.6035361334156887,0.3964638665843113,0.7648835666666668,3.9015582647912597,0.08569874278678631,,,,,,,,,0.0,0.0,0.0,0.0,3.0
Belief-PPO-Lagrangian,20,standard_compound,0.13700168444693991,0.5944001856292057,0.40559981437079434,0.7475345333333334,4.401019198439705,0.08664755242842173,,,,,,,,,0.0,0.0,0.0,0.0,3.0
"Fixed CVaR, no belief",11,compound_severe,0.5002717391304348,0.5682502896871379,0.43174971031286213,0.6971171666666666,7.09167367939472,0.12105784910714626,0.06698100866935679,0.1,32.744139650872825,39.74417705735661,39.66783042394015,0.28839907936462084,42.0,2.255860349127182,0.0,0.0,0.0,0.0,3.0
"Fixed CVaR, no belief",11,mild_minus,0.030435324934514157,0.6035406475658048,0.3964593524341952,0.7523327000000001,3.910194024244725,0.12133324246510938,0.06784912146883373,0.1,33.067967581047384,40.06800498753117,40.05522443890275,0.01681999053418266,42.0,1.9320324189526183,0.0,0.0,0.0,0.0,3.0
"Fixed CVaR, no belief",11,nominal,0.02870510875063227,0.5964898656519375,0.40351013434806243,0.7468458666666666,4.0437902464668865,0.11992425292063646,0.06772882350968967,0.1,32.90557356608478,39.905648379052366,39.8932668329177,0.00924394693569481,42.0,2.0944264339152117,0.0,0.0,0.0,0.0,3.0
"Fixed CVaR, no belief",11,standard_compound,0.1125129028558321,0.5955972906403941,0.4044027093596059,0.7469535666666667,4.513590298584664,0.11970750274182301,0.06774649177406192,0.1,32.940311720698254,39.94048628428928,39.91980049875312,0.0438904084405773,42.0,2.0596882793017453,0.0,0.0,0.0,0.0,3.0
"Fixed CVaR, no belief",12,compound_severe,0.5219442828517872,0.5728448609712649,0.4271551390287352,0.7027790333333332,6.514761818131473,0.07683471818821802,0.07644098018837202,0.1,28.95158354114713,37.95158354114713,37.89817955112219,0.3207288458447641,42.0,4.048416458852867,0.0,0.0,0.0,0.0,3.0
"Fixed CVaR, no belief",12,mild_minus,0.03770491803278689,0.5971515768056969,0.40284842319430314,0.7372186666666667,3.644562686393927,0.07691247313089981,0.07663149971770411,0.1,31.34193266832918,40.34193266832918,40.336670822942644,0.020922681145576556,42.0,1.6580673316708232,0.0,0.0,0.0,0.0,3.0
"Fixed CVaR, no belief",12,nominal,0.036015615161818414,0.5965554862842892,0.4034445137157107,0.7358079666666667,3.59408971655989,0.07673460965330166,0.07661705650038492,0.1,31.281122194513717,40.28112219451372,40.274164588528684,0.01796212621769644,42.0,1.7188778054862843,0.0,0.0,0.0,0.0,3.0
"Fixed CVaR, no belief",12,standard_compound,0.12871510905187028,0.5951370127363952,0.4048629872636048,0.7413739666666668,3.989529106170674,0.07562115839884093,0.07661625292430861,0.1,31.101084788029926,40.10108478802993,40.091857855361596,0.0675046367646862,42.0,1.8989152119700747,0.0,0.0,0.0,0.0,3.0
"Fixed CVaR, no belief",13,compound_severe,0.5240563019833653,0.5702130921355205,0.42978690786447954,0.7066017333333333,6.579123093867056,0.08186580766288283,0.07405180600914227,0.1,32.0,42.0,41.89426433915212,0.33541465712635543,42.0,0.0,0.0,0.0,0.0,0.0,3.0
"Fixed CVaR, no belief",13,mild_minus,0.04160601649684619,0.5998785209930909,0.40012147900690914,0.7659646666666667,3.825546390174763,0.09398603460680613,0.07407255299600707,0.1,32.0,42.0,41.97905236907731,0.018393650611477252,42.0,0.0,0.0,0.0,0.0,0.0,3.0
"Fixed CVaR, no belief",13,nominal,0.03698714023270055,0.6055448594532152,0.39445514054678477,0.7659139666666667,3.9366792565846374,0.09616787488902608,0.07402130445769689,0.1,32.0,42.0,41.97805486284289,0.01273565510511213,42.0,0.0,0.0,0.0,0.0,0.0,3.0
"Fixed CVaR, no belief",13,standard_compound,0.13846833904298816,0.5973030953110634,0.40269690468893654,0.7556918,4.2021763799097895,0.09100713994651141,0.07395914702248892,0.1,32.0,42.0,41.96496259351621,0.07175036086251228,42.0,0.0,0.0,0.0,0.0,0.0,3.0
"Fixed CVaR, no belief",14,compound_severe,0.5148343222881525,0.5655113459745104,0.4344886540254896,0.6904856333333335,6.986439947056632,0.08499998199231074,0.08605123264603591,0.1,36.67517456359102,40.790860349127186,40.73274314214464,0.2797334271579542,42.0,1.3248254364089775,0.0,0.0,0.0,0.0,3.0
"Fixed CVaR, no belief",14,mild_minus,0.03682683818892672,0.5970604331170354,0.40293956688296456,0.7434566333333333,3.879160062436016,0.0910227252623658,0.08788304718462119,0.1,37.090648379052375,41.18827930174563,41.17881546134664,0.01138472397385066,42.0,0.9093516209476309,0.0,0.0,0.0,0.0,3.0
"Fixed CVaR, no belief",14,nominal,0.031456746972912245,0.5992431263515601,0.4007568736484399,0.7549169666666667,3.8138612992606578,0.09227108551549149,0.08802652482222065,0.1,37.08538653366584,41.182481296758105,41.17407730673317,0.013212008961801849,42.0,0.9146134663341647,0.0,0.0,0.0,0.0,3.0
"Fixed CVaR, no belief",14,standard_compound,0.11683848797250859,0.6001401105316416,0.3998598894683584,0.7482307333333332,4.349642294415055,0.0921041225226818,0.08812195982254498,0.1,37.03168329177058,41.136109725685785,41.12087281795512,0.05645927970685486,42.0,0.9683167082294264,0.0,0.0,0.0,0.0,3.0
"Fixed CVaR, no belief",15,compound_severe,0.5080087008107573,0.568945803796021,0.43105419620397895,0.7086569666666668,6.572512858293371,0.08869205312193873,0.07162909954112771,0.1,31.9963216957606,41.9963216957606,41.88335411471322,0.286111512659125,42.0,0.0036783042394014907,0.0,0.0,0.0,0.0,3.0
"Fixed CVaR, no belief",15,mild_minus,0.034211174009352696,0.5976696367374914,0.4023303632625086,0.7668108333333333,3.666943227889409,0.08854682613182552,0.07206987940880495,0.1,31.996957605985035,41.996957605985045,41.98124688279302,0.008101652925089018,42.0,0.0030423940149625884,0.0,0.0,0.0,0.0,3.0
"Fixed CVaR, no belief",15,nominal,0.03183933382316924,0.6040647921760391,0.39593520782396086,0.7689058,3.7171884142420932,0.08661265691833918,0.07204692270362889,0.1,31.996221945137158,41.99622194513716,41.97963840399003,0.009410585730181447,42.0,0.0037780548628428877,0.0,0.0,0.0,0.0,3.0
"Fixed CVaR, no belief",15,standard_compound,0.11074845244794598,0.602485892938844,0.39751410706115603,0.7672709000000001,4.008562655158009,0.08689019740914457,0.07203804779472638,0.1,31.99582294264339,41.99582294264339,41.9680174563591,0.05348595684574006,42.0,0.004177057356608473,0.0,0.0,0.0,0.0,3.0
"Fixed CVaR, no belief",16,compound_severe,0.5082735981777986,0.5569889209288208,0.44301107907117926,0.6980926000000001,6.861743466724001,0.11600427925983778,0.07455975760192493,0.1,29.999837905236905,41.99983790523691,41.87552369077307,0.27219244870911036,42.0,0.00016209476309226852,0.0,0.0,0.0,0.0,3.0
"Fixed CVaR, no belief",16,mild_minus,0.03337068858174574,0.5916920731707317,0.4083079268292683,0.7556358666666668,4.18887784756372,0.1148500549484346,0.07440158127869784,0.1,29.999837905236905,41.99983790523691,41.97514962593517,0.008561047953630985,42.0,0.00016209476309226852,0.0,0.0,0.0,0.0,3.0
"Fixed CVaR, no belief",16,nominal,0.031347182485383755,0.5967964438994482,0.4032035561005518,0.7610316666666668,4.17036573414263,0.11826003304531887,0.07444658510140754,0.1,29.999837905236905,41.99983790523691,41.97639650872818,0.014019204492350825,42.0,0.00016209476309226852,0.0,0.0,0.0,0.0,3.0
"Fixed CVaR, no belief",16,standard_compound,0.11487865729190293,0.5914222929453664,0.40857770705463364,0.7581829333333334,4.3201335494588164,0.11641756474380335,0.07445671428761388,0.1,29.999837905236905,41.99983790523691,41.96579800498753,0.05215999531791444,42.0,0.00016209476309226852,0.0,0.0,0.0,0.0,3.0
"Fixed CVaR, no belief",17,compound_severe,0.5221088435374149,0.5582639260334683,0.4417360739665317,0.6928936333333334,6.677747135392751,0.10804744785843123,0.08008376288127865,0.1,30.39630922693267,33.670261845386534,33.611932668329175,0.28720609091277455,42.0,8.603690773067331,0.0,0.0,0.0,0.0,3.0
"Fixed CVaR, no belief",17,mild_minus,0.03293940155896404,0.5955404149891608,0.4044595850108393,0.7470949666666666,3.7695600983587134,0.09926858640239704,0.08162239022692314,0.1,32.855698254364086,35.93215710723192,35.927655860349134,0.022655933117249023,42.0,6.14430174563591,0.0,0.0,0.0,0.0,3.0
"Fixed CVaR, no belief",17,nominal,0.03266832917705736,0.5978269245588349,0.40217307544116515,0.7536196666666666,3.7876055611844457,0.09765062313733704,0.08133845115517101,0.1,32.70955112219451,35.79127182044888,35.785511221945136,0.012424667316302082,42.0,6.290448877805486,0.0,0.0,0.0,0.0,3.0
"Fixed CVaR, no belief",17,standard_compound,0.11601770916108525,0.5950179567509742,0.40498204324902576,0.7561044666666666,4.13932013115085,0.09870273333825239,0.08134253794717555,0.1,32.60597256857855,35.70107231920199,35.69039900249376,0.0530175007736268,42.0,6.394027431421446,0.0,0.0,0.0,0.0,3.0
"Fixed CVaR, no belief",18,compound_severe,0.49890234402662703,0.5467892743991963,0.45321072560080367,0.6741365000000001,6.425155533597619,0.1093860704387643,0.06857236063753498,0.1,26.66922693266833,41.66922693266832,41.550349127182045,0.25060350717370056,42.0,0.3307730673316708,0.0,0.0,0.0,0.0,3.0
"Fixed CVaR, no belief",18,mild_minus,0.032604526275412354,0.5781751490142136,0.4218248509857863,0.7364780666666667,3.7530416908665183,0.10735345661700371,0.06855143449601347,0.1,26.709750623441394,41.709750623441394,41.682618453865345,0.014083194646175775,42.0,0.29024937655860344,0.0,0.0,0.0,0.0,3.0
"Fixed CVaR, no belief",18,nominal,0.03371794871794872,0.5798138318332179,0.42018616816678206,0.7346445666666668,3.7918224836415346,0.10638188917112142,0.06855877525677107,0.1,26.710349127182045,41.71034912718204,41.68503740648379,0.011826217811778722,42.0,0.2896508728179551,0.0,0.0,0.0,0.0,3.0
"Fixed CVaR, no belief",18,standard_compound,0.11561311787072244,0.5737300547290527,0.42626994527094736,0.7252142,4.222163305290355,0.11157961596200741,0.06849747590455885,0.1,26.707319201995016,41.70731920199501,41.66884039900249,0.047463869441371605,42.0,0.29268079800498753,0.0,0.0,0.0,0.0,3.0
"Fixed CVaR, no belief",19,compound_severe,0.5403690888119954,0.5584708813453753,0.44152911865462474,0.6720600666666666,7.107618775823417,0.07233760262948707,0.07046668272679132,0.1,28.0,42.0,41.89413965087282,0.32419317122569674,42.0,0.0,0.0,0.0,0.0,0.0,3.0
"Fixed CVaR, no belief",19,mild_minus,0.04316185696361355,0.5914378780828292,0.4085621219171708,0.7366639666666667,3.915579114196831,0.08884940193569772,0.07062252960992309,0.1,28.0,42.0,41.97755610972568,0.023424816051643226,42.0,0.0,0.0,0.0,0.0,0.0,3.0
"Fixed CVaR, no belief",19,nominal,0.03497225448444961,0.5810411810411811,0.418958818958819,0.7208174333333333,3.9474333312673577,0.0904352282974782,0.07062631411594043,0.1,28.0,42.0,41.978428927680795,0.018755783290846005,42.0,0.0,0.0,0.0,0.0,0.0,3.0
"Fixed CVaR, no belief",19,standard_compound,0.13947610294117646,0.5843345295677953,0.4156654704322047,0.7197136333333333,4.391365541265737,0.08533234490805526,0.07060304198274733,0.1,28.0,42.0,41.96546134663342,0.0707891848173843,42.0,0.0,0.0,0.0,0.0,0.0,3.0
"Fixed CVaR, no belief",20,compound_severe,0.5387155048900517,0.5693088337049281,0.43069116629507187,0.7083093666666668,6.378943677717537,0.05278584825898457,0.07627183780984537,0.1,27.997643391521198,41.997643391521194,41.89564837905236,0.339106406918728,42.0,0.002356608478802988,0.0,0.0,0.0,0.0,3.0
"Fixed CVaR, no belief",20,mild_minus,0.0399900953324254,0.5992735141819306,0.4007264858180694,0.7596768,3.683880446972014,0.06974887237196262,0.07621978194905706,0.1,27.995735660847878,41.99573566084788,41.97965087281795,0.02746748686220906,42.0,0.004264339152119691,0.0,0.0,0.0,0.0,3.0
"Fixed CVaR, no belief",20,nominal,0.03667361707346989,0.6046654861806143,0.3953345138193856,0.7702264000000001,3.6109992133909814,0.06824823908059367,0.07622373720124695,0.1,27.99568578553616,41.99568578553616,41.98109725685785,0.02751765109653567,42.0,0.00431421446384039,0.0,0.0,0.0,0.0,3.0
"Fixed CVaR, no belief",20,standard_compound,0.1347835837631756,0.5986500116378307,0.4013499883621693,0.7525545333333334,4.140745471835382,0.06659110205691768,0.07624069844240183,0.1,27.994950124688284,41.99495012468827,41.972256857855356,0.08965394010054215,42.0,0.005049875311720691,0.0,0.0,0.0,0.0,3.0
ForeSafe (fixed CVaR),11,compound_severe,0.526840885684861,0.5670755226413638,0.4329244773586361,0.6966880999999999,6.729693217729236,0.07532711140785119,0.07292738886243494,0.1,16.17652119700748,24.244089775561097,24.185922693266836,0.2757168999302237,42.0,17.82347880299252,0.0,0.0,0.0,0.0,3.0
ForeSafe (fixed CVaR),11,mild_minus,0.03446153846153846,0.608139534883721,0.3918604651162791,0.7621389999999999,3.5507213475419466,0.08402374260722988,0.071847204551463,0.1,15.67218204488778,23.71072319201995,23.70283042394015,0.01767562140549985,42.0,18.32781795511222,0.0,0.0,0.0,0.0,3.0
ForeSafe (fixed CVaR),11,nominal,0.03161169881767268,0.604021114733737,0.395978885266263,0.7593243000000001,3.6776241177636058,0.08592449942486052,0.07177363680183252,0.1,15.327219451371572,23.366234413965085,23.358316708229424,0.014048727194882126,42.0,18.67278054862843,0.0,0.0,0.0,0.0,3.0
ForeSafe (fixed CVaR),11,standard_compound,0.12576202303002934,0.5988709303224808,0.40112906967751916,0.7509792000000001,4.167565304028765,0.08510360277382714,0.0717796398656549,0.1,15.732256857855363,23.773541147132168,23.758142144638406,0.05459398252598028,42.0,18.267743142144642,0.0,0.0,0.0,0.0,3.0
ForeSafe (fixed CVaR),12,compound_severe,0.4998899889988999,0.5323185011709601,0.4676814988290398,0.6279887333333334,9.332261930484954,0.28239822572384293,0.07182831318013162,0.1,37.97623441396509,41.97623441396509,41.81052369077307,0.26565457582271157,42.0,0.0237655860349127,0.0,0.0,0.0,0.0,3.0
ForeSafe (fixed CVaR),12,mild_minus,0.026998689384010486,0.5768005593970943,0.42319944060290576,0.7073197999999999,6.091739188248045,0.30550262413387713,0.07086177724285832,0.1,37.929463840399,41.929463840399,41.855648379052376,0.01230906333105712,42.0,0.07053615960099748,0.0,0.0,0.0,0.0,3.0
ForeSafe (fixed CVaR),12,nominal,0.025255168803978018,0.582909460834181,0.4170905391658189,0.7080417666666667,6.080128683285334,0.30677897780578905,0.07089565824299228,0.1,37.91622194513716,41.91622194513716,41.84614713216957,0.011241846788376307,42.0,0.08377805486284289,0.0,0.0,0.0,0.0,3.0
ForeSafe (fixed CVaR),12,standard_compound,0.0944601400319371,0.5714728682170542,0.4285271317829457,0.6973306333333333,6.4543491279900085,0.3016026333962789,0.0709891489332546,0.1,37.94425187032419,41.94425187032419,41.86170822942644,0.04346415526654018,42.0,0.05574812967581044,0.0,0.0,0.0,0.0,3.0
ForeSafe (fixed CVaR),13,compound_severe,0.511620207905714,0.5692236456243247,0.43077635437567524,0.6978769666666668,6.781757698971141,0.08587468227950708,0.07154922053499488,0.1,36.99927680798005,41.99927680798005,41.88231920199502,0.2698683306212872,42.0,0.000723192019950123,0.0,0.0,0.0,0.0,3.0
ForeSafe (fixed CVaR),13,mild_minus,0.03198031980319803,0.6053846153846154,0.3946153846153846,0.7630601,3.6934053923745283,0.08590990337532427,0.0708085868186944,0.1,36.99961346633417,41.99961346633416,41.984526184538645,0.018548716496620855,42.0,0.0003865336658354095,0.0,0.0,0.0,0.0,3.0
ForeSafe (fixed CVaR),13,nominal,0.02895656515227159,0.6009114080481965,0.3990885919518035,0.7542314333333334,3.7853528820102493,0.08652383271831907,0.07063292766779546,0.1,36.99938902743142,41.99938902743142,41.98293017456359,0.009264483591159249,42.0,0.000610972568578551,0.0,0.0,0.0,0.0,3.0
ForeSafe (fixed CVaR),13,standard_compound,0.11372682815876266,0.5951126384116074,0.4048873615883925,0.7550048333333333,4.041946962146258,0.08763459527712364,0.07079093949605086,0.1,36.99965087281796,41.99965087281796,41.96985037406485,0.04282149501891388,42.0,0.000349127182044886,0.0,0.0,0.0,0.0,3.0
ForeSafe (fixed CVaR),14,compound_severe,0.5122020031033996,0.5356672604755635,0.46433273952443654,0.6397722,9.147387742169183,0.26209099256636126,0.07685278325380539,0.1,32.53405236907731,40.55183291770574,40.48754364089776,0.27694532190769705,42.0,1.465947630922693,0.0,0.0,0.0,0.0,3.0
ForeSafe (fixed CVaR),14,mild_minus,0.03117223313686968,0.5800658720200753,0.41993412797992474,0.7099638666666667,6.11339390499809,0.2848854914684338,0.07660436307508878,0.1,32.93199501246883,40.94534912718204,40.935486284289276,0.011236852493003224,42.0,1.0680049875311721,0.0,0.0,0.0,0.0,3.0
ForeSafe (fixed CVaR),14,nominal,0.02416405433646813,0.5813555365341219,0.41864446346587814,0.7179570333333334,5.97997564943131,0.28824055505829443,0.07598031836348185,0.1,32.946034912718204,40.95856608478803,40.94844139650873,0.014233785043629776,42.0,1.0539650872817956,0.0,0.0,0.0,0.0,3.0
ForeSafe (fixed CVaR),14,standard_compound,0.10784433329266804,0.5738386691776522,0.42616133082234775,0.6998438000000001,6.375701130972907,0.28237048581991786,0.07721095429183539,0.1,32.87775561097257,40.89189526184539,40.87931421446384,0.05162832974269996,42.0,1.1222443890274314,0.0,0.0,0.0,0.0,3.0
ForeSafe (fixed CVaR),15,compound_severe,0.5481459149834188,0.5686750645014418,0.4313249354985582,0.7118355666666666,6.596624004885741,0.08309256997029722,0.07356401858507579,0.1,34.0,42.0,41.87044887780549,0.33482192699134844,42.0,0.0,0.0,0.0,0.0,0.0,3.0
ForeSafe (fixed CVaR),15,mild_minus,0.040258631206538976,0.6021431305013395,0.39785686949866056,0.7650019666666666,3.787526124112197,0.09512573638166259,0.07476798770196749,0.1,34.0,42.0,41.97967581047382,0.01649712432518762,42.0,0.0,0.0,0.0,0.0,0.0,3.0
ForeSafe (fixed CVaR),15,nominal,0.03718104495747266,0.6001211754013935,0.39987882459860646,0.7708034333333333,3.8128912826936814,0.0931457859666456,0.07476936892910561,0.1,34.0,42.0,41.98004987531172,0.016903221462376238,42.0,0.0,0.0,0.0,0.0,0.0,3.0
ForeSafe (fixed CVaR),15,standard_compound,0.1298786487372909,0.5996835443037974,0.40031645569620256,0.7742924666666667,4.119585042321673,0.08909987075871709,0.07465199949373105,0.1,34.0,42.0,41.96870324189526,0.0691423406027193,42.0,0.0,0.0,0.0,0.0,0.0,3.0
ForeSafe (fixed CVaR),16,compound_severe,0.5072104098195721,0.5572241183162685,0.4427758816837315,0.6988765333333333,6.840647849217546,0.11805703007384506,0.06948927094179788,0.1,27.31046134663342,33.313204488778055,33.23692019950125,0.27505942932097277,42.0,8.689538653366583,0.0,0.0,0.0,0.0,3.0
ForeSafe (fixed CVaR),16,mild_minus,0.03337068858174574,0.5916920731707317,0.4083079268292683,0.7556358666666668,4.18887784756372,0.1148500549484346,0.07012084132032535,0.1,30.253391521197003,36.25699501246882,36.242082294264335,0.008565244303856164,42.0,5.746608478802991,0.0,0.0,0.0,0.0,3.0
ForeSafe (fixed CVaR),16,nominal,0.031347182485383755,0.5967964438994482,0.4032035561005518,0.7610316666666668,4.17036573414263,0.11826003304531887,0.07007975872787191,0.1,30.30488778054863,36.30605985037407,36.29221945137157,0.014019550363946753,42.0,5.695112219451371,0.0,0.0,0.0,0.0,3.0
ForeSafe (fixed CVaR),16,standard_compound,0.11487865729190293,0.5914222929453664,0.40857770705463364,0.7581829333333334,4.3201335494588164,0.11641756474380335,0.07006386001266889,0.1,30.040112219451377,36.042543640897755,36.02215710723192,0.05216038063889302,42.0,5.959887780548629,0.0,0.0,0.0,0.0,3.0
ForeSafe (fixed CVaR),17,compound_severe,0.5188168578425055,0.565125255430258,0.4348747445697419,0.7135972000000002,6.678514593026128,0.08664878006387394,0.07475607197420514,0.1,26.72344139650873,32.80493765586035,32.721072319201994,0.3149101009257256,42.0,9.27655860349127,0.0,0.0,0.0,0.0,3.0
ForeSafe (fixed CVaR),17,mild_minus,0.03267892644135189,0.6003701704326367,0.3996298295673633,0.7556944333333334,3.9430243426594274,0.09907199446570017,0.07677476099346228,0.1,23.344675810473813,29.360087281795515,29.342231920199502,0.02250409021144141,42.0,12.655324189526187,0.0,0.0,0.0,0.0,3.0
ForeSafe (fixed CVaR),17,nominal,0.02977761025254429,0.5932698217578365,0.4067301782421635,0.7527812333333336,4.016353239391888,0.0994191791971919,0.07677463305064303,0.1,23.27637157107232,29.292344139650872,29.276421446384038,0.016605627188307687,42.0,12.723628428927682,0.0,0.0,0.0,0.0,3.0
ForeSafe (fixed CVaR),17,standard_compound,0.11747397012222725,0.5953126192839148,0.4046873807160852,0.7585855000000001,4.343894357876272,0.09704838775946488,0.07638579227137107,0.1,24.394763092269326,30.41538653366584,30.38927680798005,0.06090136981591655,42.0,11.605236907730673,0.0,0.0,0.0,0.0,3.0
ForeSafe (fixed CVaR),18,compound_severe,0.5010307812611076,0.5458433781787075,0.45415662182129246,0.6670052000000001,6.550713599716508,0.11043819745979533,0.06453104467539662,0.1,32.93143391521197,41.93143391521196,41.80836658354116,0.26070581838447304,42.0,0.0685660847880299,0.0,0.0,0.0,0.0,3.0
ForeSafe (fixed CVaR),18,mild_minus,0.0314698733529487,0.578247918735202,0.42175208126479796,0.7375687666666666,3.7692326272348646,0.11016375070655629,0.06721474481006544,0.1,32.937630922693266,41.93763092269327,41.90857855361596,0.013807047702302167,42.0,0.062369077306733155,0.0,0.0,0.0,0.0,3.0
ForeSafe (fixed CVaR),18,nominal,0.032978313871423075,0.5800492610837439,0.41995073891625617,0.7349482666666667,3.8356241632719366,0.1094993943258887,0.06742276691595621,0.1,32.93977556109726,41.93977556109726,41.912967581047376,0.011761941134599106,42.0,0.06022443890274312,0.0,0.0,0.0,0.0,3.0
ForeSafe (fixed CVaR),18,standard_compound,0.11275504116453884,0.5730579531442663,0.42694204685573367,0.7249390333333333,4.239420906952083,0.113829058822292,0.06720191388660945,0.1,32.92975062344139,41.92975062344139,41.889975062344135,0.04706176266644998,42.0,0.07024937655860347,0.0,0.0,0.0,0.0,3.0
ForeSafe (fixed CVaR),19,compound_severe,0.5076410113920533,0.552541315871531,0.44745868412846895,0.6648871333333334,7.39992754315667,0.11341560496322384,0.07221309243254312,0.1,30.94773067331671,41.94773067331671,41.82753117206982,0.2816311808894975,42.0,0.05226932668329175,0.0,0.0,0.0,0.0,3.0
ForeSafe (fixed CVaR),19,mild_minus,0.0333889816360601,0.5865347151874075,0.41346528481259254,0.7272157666666667,4.100493361364755,0.11149396543300638,0.0721010630955673,0.1,30.926334164588525,41.926334164588525,41.90057356608479,0.014869799226956365,42.0,0.0736658354114713,0.0,0.0,0.0,0.0,3.0
ForeSafe (fixed CVaR),19,nominal,0.029009798865394534,0.5843420235878336,0.41565797641216634,0.7223561666666666,4.055198051222733,0.1135243720875956,0.07226071157090899,0.1,30.929925187032424,41.929925187032424,41.90425187032419,0.012759619566614776,42.0,0.07007481296758102,0.0,0.0,0.0,0.0,3.0
ForeSafe (fixed CVaR),19,standard_compound,0.11030214779759738,0.5752844252648097,0.4247155747351903,0.7001366333333334,4.5725693194008725,0.1098457064739446,0.07226178308246314,0.1,30.936745635910228,41.93674563591022,41.90230673316708,0.04514809759996995,42.0,0.06325436408977553,0.0,0.0,0.0,0.0,3.0
ForeSafe (fixed CVaR),20,compound_severe,0.5104924750936197,0.5373458465834173,0.4626541534165826,0.6466408666666666,9.423481130592512,0.2687576868507348,0.0937776561950953,0.1,17.700436408977556,23.445872817955113,23.376920199501246,0.3035516757285857,42.0,20.299563591022444,0.0,0.0,0.0,0.0,3.0
ForeSafe (fixed CVaR),20,mild_minus,0.030459473412493547,0.5794954871557509,0.420504512844249,0.7263779666666668,6.049001494138033,0.30601459335016257,0.08662592502849688,0.1,14.44573566084788,19.670386533665834,19.641845386533664,0.018454420803527594,42.0,23.55426433915212,0.0,0.0,0.0,0.0,3.0
ForeSafe (fixed CVaR),20,nominal,0.023940596594546153,0.5875009632426601,0.4124990367573399,0.7326892333333334,6.0765849264372465,0.29899604812383956,0.08685859735836816,0.1,14.270149625935165,19.52513715710723,19.497655860349127,0.018100526410240524,42.0,23.729850374064835,0.0,0.0,0.0,0.0,3.0
ForeSafe (fixed CVaR),20,standard_compound,0.110621576565849,0.5737881232234769,0.426211876776523,0.7161705,6.388927902700808,0.2935135101257645,0.0872111231909874,0.1,15.315336658354115,20.56726932668329,20.536209476309228,0.07249359440867466,42.0,22.684663341645884,0.0,0.0,0.0,0.0,3.0
