audit_passed,condition,deadline_miss_ratio,defer_probability,episodes,forced_min_risk_rate,interruption_probability,mean_cvar_admissible_action_count,mean_effective_cvar_limit,mean_safe_action_count,mean_shift_error_ema,mean_strict_supported_cvar_pass_count,method,on_time_delivery_ratio,shift_error_ema_end,throughput_mbps,train_seed
True,ladder_025,0.3892058596761757,0.1163180431517081,100,0.0,0.0471493865768583,24.95975062344139,0.0961655360015305,24.957107231920197,0.0219379696882867,17.71997506234414,foresafe,0.6107941403238242,0.0124313630821174,0.7646152666666666,11
True,ladder_050,0.3935305840870765,0.1243055794716361,100,0.0,0.0598859315589353,24.34044887780549,0.0946166117582834,24.33730673316708,0.0289333379966336,17.058628428927683,foresafe,0.6064694159129235,0.0433733294878758,0.7594397333333334,11
True,ladder_075,0.3923973022685469,0.1505095454501787,100,0.0,0.0832562442183163,23.281995012468837,0.0913582097153254,23.278428927680803,0.0423761140724245,15.897431421446385,foresafe,0.6076026977314531,0.046854048689532,0.7664698666666667,11
True,ladder_025,0.403873405762872,0.0764130872827323,100,0.0,0.0542093429927554,37.884364089775566,0.0943225624696293,37.8813216957606,0.0286988195852696,34.308852867830424,foresafe,0.596126594237128,0.0294184965271405,0.7390734666666667,12
True,ladder_050,0.3981654228855721,0.0754169656448905,100,0.0,0.0658783783783783,37.56885286783042,0.0937979714644706,37.565211970074806,0.0306796726526145,33.94234413965088,foresafe,0.6018345771144279,0.0472434372189378,0.7548478666666668,12
True,ladder_075,0.3928014957930819,0.0751837858485303,100,0.0,0.0937209302325581,34.915087281795515,0.0892967237948529,34.9113216957606,0.0493244814794574,30.844164588528677,foresafe,0.607198504206918,0.0424763289259281,0.7603459333333333,12
True,ladder_025,0.4013636363636363,0.2442861626568376,100,0.0,0.0531991373112868,38.13768079800499,0.0937101981670747,38.1002493765586,0.0319906170381935,32.673017456359105,foresafe,0.5986363636363636,0.0405635362739474,0.7616507999999999,13
True,ladder_050,0.4002763703362506,0.2982387503627626,100,0.0,0.0671124910437067,36.48942643391521,0.0909144375558209,36.44441396508728,0.0429678141764657,30.825062344139656,foresafe,0.5997236296637494,0.0420212336669725,0.7527917333333334,13
True,ladder_075,0.4059177068885807,0.3578667370112087,100,0.0,0.092086669806877,34.92199501246883,0.0882539044579201,34.843940149625936,0.0542844380810333,29.068653366583543,foresafe,0.5940822931114194,0.0528324280189535,0.7409704666666667,13
True,ladder_025,0.4577937275706038,0.4274013088680866,100,0.0,0.0450673261885133,33.73588528678304,0.0883175930702036,33.68326683291771,0.0739514514513947,27.808154613466336,foresafe,0.5422062724293961,0.0149889337267607,0.6519031999999999,14
True,ladder_050,0.4656925031766201,0.4325175653666517,100,0.0,0.0537271448663853,33.293441396508726,0.0874464978059006,33.23745635910225,0.0780713366360959,27.308329177057352,foresafe,0.53430749682338,0.0248511009050128,0.628132,14
True,ladder_075,0.4637887413029728,0.4384239680315629,100,0.0,0.0810298102981029,32.468802992518704,0.0860352340651622,32.41124688279302,0.0850325154350667,26.388304239401496,foresafe,0.5362112586970272,0.0300811889788404,0.6338360000000001,14
True,ladder_025,0.3987841945288753,0.0947695434031518,100,0.0,0.0510913888222595,39.010249376558605,0.0950265434549992,38.9885536159601,0.0251117615089416,32.74301745635909,foresafe,0.6012158054711246,0.0213080659000926,0.7802297333333335,15
True,ladder_050,0.4051536789816827,0.0976385568932691,100,0.0,0.0708050436469447,37.97872817955112,0.0932874316108482,37.95573566084788,0.0331709199326134,31.619002493765585,foresafe,0.5948463210183172,0.0447213101504435,0.7470245333333332,15
True,ladder_075,0.4084442404772831,0.0958444530405381,100,0.0,0.0969173283512377,35.73152119700748,0.0894797940404852,35.70536159600997,0.0490769574573295,29.17009975062344,foresafe,0.5915557595227169,0.0445800954311282,0.7521557333333335,15
True,ladder_025,0.4172195648819626,0.078284969422122,100,0.0,0.0573995507861242,31.729002493765584,0.0940039934877274,31.717980049875305,0.0295691186196261,26.29,foresafe,0.5827804351180373,0.0270211919198375,0.7296186666666666,16
True,ladder_050,0.4104010980631386,0.0797578837214204,100,0.0,0.0693307655272027,31.406059850374064,0.0935532337502311,31.39334164588528,0.0318701453136019,25.934788029925183,foresafe,0.5895989019368614,0.0387640418711006,0.7512330666666667,16
True,ladder_075,0.4098537336412625,0.0851252800823968,100,0.0,0.1038110825344867,29.240922693266835,0.0890042429792709,29.22576059850374,0.0501161710697861,23.43967581047382,foresafe,0.5901462663587375,0.0432436330254153,0.7390542666666667,16
True,ladder_025,0.3927377696748708,0.0909945020677419,100,0.0,0.0451505016722408,32.08917705735661,0.0966149294641198,32.073117206982545,0.0185183231676641,28.034389027431427,foresafe,0.6072622303251292,0.0193765831251058,0.7779700666666669,17
True,ladder_050,0.4002748930971289,0.0941202642463724,100,0.0,0.0627684964200477,30.97763092269327,0.0950895708150975,30.95875311720699,0.0255090331482012,26.7686783042394,foresafe,0.5997251069028711,0.0265567992953167,0.7624657333333335,17
True,ladder_075,0.3997549395006892,0.0944798389905517,100,0.0,0.0858409143923489,29.655211970074816,0.0925343363093181,29.63461346633417,0.0362797229748565,25.142917705735663,foresafe,0.6002450604993108,0.0234142833666444,0.7650223333333334,17
True,ladder_025,0.4279217826284675,0.185169884908708,100,0.0,0.0534236267870579,38.3201246882793,0.0914096922945989,38.27049875311721,0.0366377571805836,34.932568578553614,foresafe,0.5720782173715325,0.0176115539158952,0.7373215333333334,18
True,ladder_050,0.4322650565102957,0.1862892192511998,100,0.0,0.071410483666751,37.554513715710726,0.0898966627322959,37.504214463840405,0.0427263077892385,34.04269326683291,foresafe,0.5677349434897043,0.0288841596343103,0.7121153333333335,18
True,ladder_075,0.4269183922046285,0.1793415436534752,100,0.0,0.0958443430218592,35.436533665835405,0.0861568474629793,35.38583541147133,0.0584563187738049,31.601620947630927,foresafe,0.5730816077953715,0.0448219465947292,0.7314699333333337,18
True,ladder_025,0.4102002503128911,0.1209291255472065,100,0.0,0.0409564996184177,39.2683042394015,0.0965584673837299,39.243840399002494,0.0183918289251189,32.1745885286783,foresafe,0.5897997496871089,0.0128972857204553,0.7256625333333336,19
True,ladder_050,0.4157795867251095,0.1229283957424697,100,0.0,0.0592387194353415,39.0204987531172,0.0960326533330183,38.9904987531172,0.0213252936291058,31.9157855361596,foresafe,0.5842204132748904,0.0268965528782173,0.7144837333333333,19
True,ladder_075,0.4107697082557418,0.1244532807449165,100,0.0,0.0693627450980392,37.25114713216958,0.0929793635349131,37.22399002493765,0.0342085049083082,30.069102244389025,foresafe,0.5892302917442582,0.0416712542888403,0.7301325333333334,19
True,ladder_025,0.396514827269948,0.0850551901818961,100,0.0,0.0438362799709372,38.35127182044888,0.0972170538203535,38.33159600997506,0.016590211052523,34.10299251870324,foresafe,0.603485172730052,0.0164398850456103,0.7765002666666666,20
True,ladder_050,0.393109812365426,0.0824225044625984,100,0.0,0.0586832061068702,37.36319201995013,0.0955090965455307,37.34389027431422,0.0235974727851671,32.961097256857855,foresafe,0.606890187634574,0.0251230293332771,0.7697844666666667,20
True,ladder_075,0.3985585032970403,0.0867175585085938,100,0.0,0.08042203985932,36.02234413965087,0.0931107389802586,35.999850374064835,0.0343347844838351,31.411471321695764,foresafe,0.6014414967029597,0.03652124791727,0.7692831333333333,20
True,ladder_025,0.3926968899891691,0.0785189024739644,100,,0.0562635248857898,,,,,,belief_ppo,0.6073031100108309,,0.7572470666666669,11
True,ladder_050,0.391935733044956,0.078369670204306,100,,0.0628571428571428,,,,,,belief_ppo,0.608064266955044,,0.7625546,11
True,ladder_075,0.399813751358063,0.0780726100103362,100,,0.103616133518776,,,,,,belief_ppo,0.600186248641937,,0.7423958000000002,11
True,ladder_025,0.4070532915360501,0.087829897246414,100,,0.0485412474849094,,,,,,belief_ppo,0.5929467084639498,,0.7345158666666667,12
True,ladder_050,0.4042386185243328,0.0859872274204313,100,,0.0703086722195002,,,,,,belief_ppo,0.5957613814756672,,0.7348452666666665,12
True,ladder_075,0.3994737656709488,0.0854721137732423,100,,0.0926099158091674,,,,,,belief_ppo,0.6005262343290513,,0.7486917333333332,12
True,ladder_025,0.3945962448481148,0.0720133792153462,100,,0.0534606205250596,,,,,,belief_ppo,0.6054037551518852,,0.7690726666666667,13
True,ladder_050,0.3971976850441669,0.0721488758708005,100,,0.0704556129638327,,,,,,belief_ppo,0.602802314955833,,0.7664475333333334,13
True,ladder_075,0.3984470158343483,0.0708744974219213,100,,0.1002049647005238,,,,,,belief_ppo,0.6015529841656516,,0.7630430666666668,13
True,ladder_025,0.4045332913584133,0.1164084981092202,100,,0.0417933130699088,,,,,,belief_ppo,0.5954667086415867,,0.7296014666666669,14
True,ladder_050,0.4150047483380816,0.1158061823864592,100,,0.0581039755351682,,,,,,belief_ppo,0.5849952516619183,,0.7090549333333334,14
True,ladder_075,0.4035945136370802,0.1165178788850302,100,,0.0815731973780043,,,,,,belief_ppo,0.5964054863629198,,0.7282254666666667,14
True,ladder_025,0.398196270253745,0.0729032939181805,100,,0.0510966497951313,,,,,,belief_ppo,0.601803729746255,,0.7703118000000001,15
True,ladder_050,0.4002466851680543,0.0735116211072779,100,,0.070489844683393,,,,,,belief_ppo,0.5997533148319457,,0.7612087333333335,15
True,ladder_075,0.4033536585365854,0.071285525237919,100,,0.1004366812227074,,,,,,belief_ppo,0.5966463414634147,,0.7671174,15
True,ladder_025,0.4164138349514563,0.0885260056300885,100,,0.0437484464330101,,,,,,belief_ppo,0.5835861650485437,,0.7489990666666667,16
True,ladder_050,0.410931790499391,0.0844328826122577,100,,0.067036411863998,,,,,,belief_ppo,0.589068209500609,,0.7490987333333335,16
True,ladder_075,0.4220729659593955,0.0855135545602133,100,,0.0909963985594237,,,,,,belief_ppo,0.5779270340406045,,0.7323782666666667,16
True,ladder_025,0.3938371914763146,0.0718077236550347,100,,0.0531609195402298,,,,,,belief_ppo,0.6061628085236854,,0.7702312666666669,17
True,ladder_050,0.3976804517015108,0.0721331492846323,100,,0.0747773089545241,,,,,,belief_ppo,0.6023195482984892,,0.7651183333333331,17
True,ladder_075,0.3972205253512523,0.0713261972116351,100,,0.0984467793513019,,,,,,belief_ppo,0.6027794746487477,,0.7663212,17
True,ladder_025,0.4250421973300598,0.1173818570663207,100,,0.0468074281353345,,,,,,belief_ppo,0.5749578026699401,,0.7394114666666667,18
True,ladder_050,0.4259987893462469,0.1182371505998996,100,,0.0559980089596814,,,,,,belief_ppo,0.574001210653753,,0.7440805333333335,18
True,ladder_075,0.4187154271665642,0.1169187816605018,100,,0.0835755813953488,,,,,,belief_ppo,0.5812845728334358,,0.741618066666667,18
True,ladder_025,0.4076971214017522,0.115987580415768,100,,0.0398173979203652,,,,,,belief_ppo,0.5923028785982478,,0.7279465333333336,19
True,ladder_050,0.4157919473601754,0.1173409619375727,100,,0.0599949584068565,,,,,,belief_ppo,0.5842080526398246,,0.7147337999999999,19
True,ladder_075,0.4123200742919052,0.1136450989784693,100,,0.0705018359853121,,,,,,belief_ppo,0.5876799257080947,,0.7297381333333334,19
True,ladder_025,0.3876516664106896,0.0713642756815244,100,,0.0500357398141529,,,,,,belief_ppo,0.6123483335893104,,0.7830094666666666,20
True,ladder_050,0.3942055786715981,0.0682800319630921,100,,0.0711247637051039,,,,,,belief_ppo,0.6057944213284019,,0.7696582666666666,20
True,ladder_075,0.3903107861060329,0.066370206419954,100,,0.1008762075937991,,,,,,belief_ppo,0.6096892138939671,,0.7885257333333334,20
True,ladder_025,0.3926968899891691,0.0785189024739644,100,,0.0562635248857898,,,,,,belief_ppo_lagrangian,0.6073031100108309,,0.7572470666666669,11
True,ladder_050,0.391935733044956,0.078369670204306,100,,0.0628571428571428,,,,,,belief_ppo_lagrangian,0.608064266955044,,0.7625546,11
True,ladder_075,0.399813751358063,0.0780726100103362,100,,0.103616133518776,,,,,,belief_ppo_lagrangian,0.600186248641937,,0.7423958000000002,11
True,ladder_025,0.4070532915360501,0.087829897246414,100,,0.0485412474849094,,,,,,belief_ppo_lagrangian,0.5929467084639498,,0.7345158666666667,12
True,ladder_050,0.4042386185243328,0.0859872274204313,100,,0.0703086722195002,,,,,,belief_ppo_lagrangian,0.5957613814756672,,0.7348452666666665,12
True,ladder_075,0.3994737656709488,0.0854721137732423,100,,0.0926099158091674,,,,,,belief_ppo_lagrangian,0.6005262343290513,,0.7486917333333332,12
True,ladder_025,0.3963266545233758,0.1154495941900295,100,,0.040067583876418,,,,,,belief_ppo_lagrangian,0.6036733454766242,,0.7693086000000001,13
True,ladder_050,0.4032909034461347,0.11527149180726,100,,0.058765915768854,,,,,,belief_ppo_lagrangian,0.5967090965538653,,0.7400633999999999,13
True,ladder_075,0.4028414298808432,0.1136603270140449,100,,0.0761049397305601,,,,,,belief_ppo_lagrangian,0.5971585701191567,,0.7539598,13
True,ladder_025,0.4062052505966587,0.0931663723216433,100,,0.0494141619969434,,,,,,belief_ppo_lagrangian,0.5937947494033413,,0.7158725333333333,14
True,ladder_050,0.4045504129655602,0.0916553730765044,100,,0.0687301974165244,,,,,,belief_ppo_lagrangian,0.5954495870344397,,0.7401519333333333,14
True,ladder_075,0.4058786741713571,0.0909829976087083,100,,0.091995221027479,,,,,,belief_ppo_lagrangian,0.5941213258286429,,0.7360426666666667,14
True,ladder_025,0.4004555808656036,0.0937149241952507,100,,0.0511896178803172,,,,,,belief_ppo_lagrangian,0.5995444191343964,,0.7771686666666666,15
True,ladder_050,0.4032383621360735,0.0946432092171126,100,,0.0716880600629692,,,,,,belief_ppo_lagrangian,0.5967616378639266,,0.748979,15
True,ladder_075,0.4107553240386088,0.0918860713946524,100,,0.1024504084014002,,,,,,belief_ppo_lagrangian,0.5892446759613912,,0.7484427333333333,15
True,ladder_025,0.4152190622598001,0.1199549569802502,100,,0.0470941883767535,,,,,,belief_ppo_lagrangian,0.5847809377401998,,0.7400850000000001,16
True,ladder_050,0.4116564417177914,0.11542617226195,100,,0.063933626159102,,,,,,belief_ppo_lagrangian,0.5883435582822086,,0.7417965999999998,16
True,ladder_075,0.4168575355016033,0.1171964439920276,100,,0.0891962795134748,,,,,,belief_ppo_lagrangian,0.5831424644983967,,0.7342009333333334,16
True,ladder_025,0.3958050399879281,0.1155513941648299,100,,0.0464396284829721,,,,,,belief_ppo_lagrangian,0.6041949600120718,,0.7813184666666669,17
True,ladder_050,0.396912731163075,0.1138098063497265,100,,0.0593563766388557,,,,,,belief_ppo_lagrangian,0.603087268836925,,0.7597978666666668,17
True,ladder_075,0.3999389406197527,0.1162824068397233,100,,0.0841099720410065,,,,,,belief_ppo_lagrangian,0.6000610593802473,,0.7608422666666667,17
True,ladder_025,0.419828641370869,0.0951127971743285,100,,0.0505758637956935,,,,,,belief_ppo_lagrangian,0.5801713586291309,,0.7438818666666667,18
True,ladder_050,0.4137296965982225,0.0969333799231182,100,,0.0778500843576765,,,,,,belief_ppo_lagrangian,0.5862703034017775,,0.7518962666666665,18
True,ladder_075,0.4126861042183622,0.0944466717142944,100,,0.101328903654485,,,,,,belief_ppo_lagrangian,0.5873138957816377,,0.74426,18
True,ladder_025,0.4076971214017522,0.115987580415768,100,,0.0398173979203652,,,,,,belief_ppo_lagrangian,0.5923028785982478,,0.7279465333333336,19
True,ladder_050,0.4157919473601754,0.1173409619375727,100,,0.0599949584068565,,,,,,belief_ppo_lagrangian,0.5842080526398246,,0.7147337999999999,19
True,ladder_075,0.4123200742919052,0.1136450989784693,100,,0.0705018359853121,,,,,,belief_ppo_lagrangian,0.5876799257080947,,0.7297381333333334,19
True,ladder_025,0.3976014760147601,0.0920902058504989,100,,0.0545366795366795,,,,,,belief_ppo_lagrangian,0.6023985239852399,,0.7620202666666667,20
True,ladder_050,0.3949398333847578,0.0884787842392152,100,,0.0699549442731799,,,,,,belief_ppo_lagrangian,0.6050601666152422,,0.7708299333333335,20
True,ladder_075,0.3965490914643457,0.0853625522949376,100,,0.0923288929719797,,,,,,belief_ppo_lagrangian,0.6034509085356543,,0.7776988666666667,20
True,ladder_025,0.4216941829964512,0.3459526772838672,100,0.0,0.0404505888376856,39.02022443890274,0.0968598825695797,38.949975062344144,0.0177767053581554,32.89907730673317,foresafe_no_belief,0.5783058170035489,0.016088976300379,0.7098057333333333,11
True,ladder_050,0.4205215771499534,0.3727692814108181,100,0.0,0.0606441872169099,37.79466334164588,0.0945546992994017,37.711770573566085,0.0279257257944878,31.57109725685785,foresafe_no_belief,0.5794784228500466,0.0259886455290345,0.7073174,11
True,ladder_075,0.4219279334770557,0.4034670641544814,100,0.0,0.0668655232413621,36.83608478802992,0.0926572127728632,36.75216957605985,0.0358849529511262,30.528254364089776,foresafe_no_belief,0.5780720665229443,0.0517763160578566,0.7118648666666667,11
True,ladder_025,0.4126510751844294,0.3107981751503172,100,0.0,0.0320744956026901,16.96573566084788,0.0969584121338388,16.896982543640902,0.0170123569816539,11.745087281795511,foresafe_no_belief,0.5873489248155705,0.0142694297253102,0.7170404666666665,12
True,ladder_050,0.4290444654683065,0.320793757059974,100,0.0,0.055062630480167,16.429950124688276,0.0955664667766577,16.358703241895263,0.0234434681906744,11.110972568578552,foresafe_no_belief,0.5709555345316935,0.0266179592969628,0.6918774666666668,12
True,ladder_075,0.4258373205741627,0.3255357404455137,100,0.0,0.0679027812578301,16.33912718204489,0.0934176166763817,16.27197007481297,0.0325817178671952,10.864663341645883,foresafe_no_belief,0.5741626794258373,0.0303674954465931,0.7114562666666668,12
True,ladder_025,0.4018154311649016,0.0977286219129655,100,0.0,0.0531609195402298,38.84847880299252,0.0948664281189162,38.82596009975063,0.0264681246993933,34.40052369077306,foresafe_no_belief,0.5981845688350983,0.0224945768170167,0.7616881333333333,13
True,ladder_050,0.3964378934438815,0.0960038397987864,100,0.0,0.0651605231866825,37.58820448877806,0.0927648362040908,37.567231920199504,0.0350109857671206,32.963940149625934,foresafe_no_belief,0.6035621065561185,0.0223764019365618,0.7592135999999999,13
True,ladder_075,0.4039724980901451,0.0994674469738685,100,0.0,0.0959443800695249,35.752917705735655,0.0896186862968797,35.72511221945137,0.0481850257319416,30.86551122194513,foresafe_no_belief,0.5960275019098549,0.0495212842721882,0.7510246000000004,13
True,ladder_025,0.4043292779270027,0.2483358262468451,100,0.0,0.0510948905109489,37.74710723192019,0.0938552281942874,37.72264339152119,0.0310932837436793,31.413142144638403,foresafe_no_belief,0.5956707220729973,0.0353991590921642,0.7268868666666668,14
True,ladder_050,0.4085529430329809,0.307136471528297,100,0.0,0.0766198571076619,35.80827930174564,0.0906054454596139,35.762942643391526,0.0442512539760706,29.303740648379048,foresafe_no_belief,0.591447056967019,0.0330344290025889,0.7190556000000001,14
True,ladder_075,0.4042586750788643,0.4170135385405287,100,0.0,0.1024239543726235,33.064064837905235,0.0858652882789762,32.97316708229426,0.063699143421288,26.328129675810477,foresafe_no_belief,0.5957413249211356,0.0590731834852035,0.7248578666666667,14
True,ladder_025,0.4249390986601705,0.3154223950333685,100,0.0,0.0342623369982101,39.92608478802993,0.0966099659090466,39.85586034912718,0.0180614417082846,38.43413965087282,foresafe_no_belief,0.5750609013398295,0.0175114880194528,0.7294787333333332,15
True,ladder_050,0.4254126912009692,0.3106091835853157,100,0.0,0.0541012216404886,38.9139650872818,0.0949289996747743,38.83995012468828,0.0253356698044342,37.18910224438903,foresafe_no_belief,0.5745873087990307,0.0262183940703553,0.7354608666666667,15
True,ladder_075,0.4312918951858623,0.3046327625361167,100,0.0,0.0823500491642084,37.35700748129676,0.0923679999496285,37.2805735660848,0.0371358395382709,35.25506234413965,foresafe_no_belief,0.5687081048141377,0.0294074499508671,0.7204880666666668,15
True,ladder_025,0.418,0.2423627003004553,100,0.0,0.0525920360631104,38.63366583541147,0.0941336707325099,38.60518703241896,0.029604270324229,31.474962593516217,foresafe_no_belief,0.582,0.0313818099133386,0.7309386666666667,16
True,ladder_050,0.4122913505311077,0.3028084509178039,100,0.0,0.0707773512476007,37.44029925187033,0.0920587649646913,37.40329177057357,0.0383970168586966,30.21980049875312,foresafe_no_belief,0.5877086494688922,0.050074272431315,0.7531817333333334,16
True,ladder_075,0.423488087965791,0.3864138998430446,100,0.0,0.1037511870845204,35.08812967581047,0.0879668934185116,35.026458852867826,0.0549227332101113,27.74406483790524,foresafe_no_belief,0.5765119120342089,0.0629666056144601,0.7228840666666669,16
True,ladder_025,0.3974863718958207,0.1361610800967847,100,0.0,0.0467177767129851,29.31159600997506,0.0962642164616312,29.30374064837906,0.0204215067059723,26.74763092269327,foresafe_no_belief,0.6025136281041793,0.0186417197317328,0.7746648666666668,17
True,ladder_050,0.3964804896710023,0.1355679505124779,100,0.0,0.0593846887669926,29.010423940149632,0.0953892030402093,29.00231920199501,0.024082455934352,26.353441396508728,foresafe_no_belief,0.6035195103289978,0.0231925569757912,0.7603669333333336,17
True,ladder_075,0.4037133650452662,0.1446900822506896,100,0.0,0.0826251180358829,28.159301745635908,0.0934182725938395,28.15092269326683,0.0324078313106484,25.27992518703242,foresafe_no_belief,0.5962866349547338,0.0333233984389681,0.7509739333333332,17
True,ladder_025,0.4346430209448096,0.1860331186873007,100,0.0,0.0493573264781491,38.73902743142145,0.0970039097808454,38.721371571072325,0.0174802888341586,30.68,foresafe_no_belief,0.5653569790551903,0.0230308883510364,0.7166710000000001,18
True,ladder_050,0.4349230769230769,0.2145463889540836,100,0.0,0.0642038216560509,37.68476309226932,0.0951624706379007,37.66862842892768,0.0262234095498181,29.59900249376559,foresafe_no_belief,0.565076923076923,0.0381195502548789,0.7127314000000001,18
True,ladder_075,0.43788532675709,0.2331913563350745,100,0.0,0.0850476668339187,36.52558603491272,0.0932079180667957,36.50319201995012,0.0353208240250404,28.41376558603492,foresafe_no_belief,0.56211467324291,0.0257631554360926,0.7072137333333335,18
True,ladder_025,0.4069440100093838,0.1208888446899579,100,0.0,0.0409711684370258,40.00306733167082,0.0964871757874841,39.974812967581045,0.0189199641837463,37.661571072319205,foresafe_no_belief,0.5930559899906162,0.0161490409588329,0.7276542000000003,19
True,ladder_050,0.4150854633840364,0.1210834019890898,100,0.0,0.058318606412522,39.8888029925187,0.0962277536889688,39.85603491271821,0.0206615592868397,37.53396508728179,foresafe_no_belief,0.5849145366159636,0.0269460043223453,0.7152190666666667,19
True,ladder_075,0.4122670807453416,0.1216290597396433,100,0.0,0.0675043114067504,38.036433915211965,0.0929754047725261,38.004463840399,0.0340805338110496,35.32670822942644,foresafe_no_belief,0.5877329192546584,0.0367348752274805,0.7254974000000002,19
True,ladder_025,0.4018963144211653,0.1133201980265403,100,0.0,0.0439990222439501,34.14870324189526,0.0971983315024063,34.12822942643392,0.0157844260714111,29.961945137157105,foresafe_no_belief,0.5981036855788346,0.0174335463918313,0.7647318000000002,20
True,ladder_050,0.3967617579028527,0.1148538460747205,100,0.0,0.0598413842826243,33.60296758104738,0.0957753415112966,33.57865336658354,0.0226021449170797,29.31593516209476,foresafe_no_belief,0.6032382420971473,0.014754379719151,0.7637129333333335,20
True,ladder_075,0.39375,0.1140269658187367,100,0.0,0.0823719427780341,32.424613466334165,0.0930494729544793,32.40423940149626,0.0336990849159294,27.931895261845387,foresafe_no_belief,0.60625,0.0342010119782946,0.7797480666666666,20
True,ladder_025,0.3915827996340347,0.0895685609457122,100,0.0,0.0447689729470912,23.50119700748129,0.0999999999999999,23.494039900249373,0.0186112871900166,15.460199501246882,foresafe_fixed_cvar,0.6084172003659652,0.0154486874285392,0.7722376666666668,11
True,ladder_050,0.3942352394235239,0.0893824010235453,100,0.0,0.0605623648161499,23.590224438902748,0.0999999999999999,23.580947630922697,0.025373874011679,15.55017456359102,foresafe_fixed_cvar,0.6057647605764761,0.034818264689404,0.7518069333333334,11
True,ladder_075,0.391864617295451,0.0917387755905966,100,0.0,0.0882216014897579,23.51551122194514,0.0999999999999999,23.50386533665836,0.0366033564364543,15.476284289276808,foresafe_fixed_cvar,0.608135382704549,0.0349472997714038,0.7569036,11
True,ladder_025,0.4197337509788567,0.3057385494003899,100,0.0,0.0301047120418848,41.93695760598504,0.0999999999999999,41.86164588528678,0.0170007298187425,37.93695760598504,foresafe_fixed_cvar,0.5802662490211433,0.0157620338360315,0.7089632666666665,12
True,ladder_050,0.4233851956624234,0.3074500808635045,100,0.0,0.0565698122910773,41.959750623441394,0.0999999999999999,41.8816957605985,0.0250194088012187,37.959750623441394,foresafe_fixed_cvar,0.5766148043375766,0.0181753495803053,0.7041270666666668,12
True,ladder_075,0.4292834890965732,0.3099679132852693,100,0.0,0.0660209023706347,41.93311720698253,0.0999999999999999,41.85630922693267,0.0328196331283805,37.93311720698253,foresafe_fixed_cvar,0.5707165109034268,0.0362698949095214,0.6978942666666668,12
True,ladder_025,0.3943341917891229,0.0867702946747921,100,0.0,0.0444550669216061,41.99962593516209,0.0999999999999999,41.98067331670823,0.0276185298300262,36.99962593516209,foresafe_fixed_cvar,0.6056658082108771,0.0196033459570096,0.7681934000000001,13
True,ladder_050,0.3985694719220818,0.0869544412128318,100,0.0,0.0570269625387735,41.99962593516209,0.0999999999999999,41.9784289276808,0.0327132128148352,36.99962593516209,foresafe_fixed_cvar,0.6014305280779181,0.0235432412230377,0.7644051333333333,13
True,ladder_075,0.4006602641056422,0.0877133998169985,100,0.0,0.0754629629629629,41.99962593516209,0.0999999999999999,41.97394014962593,0.0410668897466478,36.99962593516209,foresafe_fixed_cvar,0.5993397358943577,0.0362228904795668,0.7707811999999998,13
True,ladder_025,0.4262910798122066,0.284515667183042,100,0.0,0.0355169692186266,40.93600997506235,0.0999999999999999,40.92773067331672,0.0180403541057361,32.922319201995016,foresafe_fixed_cvar,0.5737089201877934,0.0126748429071833,0.6945617999999999,14
True,ladder_050,0.4272087568412822,0.2831250270425072,100,0.0,0.0507903601969422,40.93970074812968,0.0999999999999999,40.93054862842892,0.0247949401802596,32.92610972568578,foresafe_fixed_cvar,0.5727912431587178,0.026273541468265,0.7006215333333333,14
True,ladder_075,0.4229740361919748,0.2864131113909263,100,0.0,0.0643021178872161,40.92431421446384,0.0999999999999999,40.91431421446384,0.0307873597484911,32.910199501246886,foresafe_fixed_cvar,0.5770259638080252,0.032915754743104,0.6951712666666665,14
True,ladder_025,0.4004555808656036,0.0937149241952507,100,0.0,0.0511896178803172,42.0,0.0999999999999999,41.978304239401496,0.0283665013327992,34.0,foresafe_fixed_cvar,0.5995444191343964,0.0204072944013153,0.7771686666666666,15
True,ladder_050,0.4032383621360735,0.0946432092171126,100,0.0,0.0716880600629692,42.0,0.0999999999999999,41.97630922693267,0.0399260717278464,34.0,foresafe_fixed_cvar,0.5967616378639266,0.044438339658371,0.748979,15
True,ladder_075,0.4107553240386088,0.0918860713946524,100,0.0,0.1024504084014002,42.0,0.0999999999999999,41.97182044887781,0.0596451730333527,34.0,foresafe_fixed_cvar,0.5892446759613912,0.0647863340929447,0.7484427333333333,15
True,ladder_025,0.4152190622598001,0.1199549569802502,100,0.0,0.0470941883767535,36.31478802992519,0.0999999999999999,36.30052369077307,0.0187050142933021,30.31281795511222,foresafe_fixed_cvar,0.5847809377401998,0.0134889730625337,0.7400850000000001,16
True,ladder_050,0.4116564417177914,0.1155304224624311,100,0.0,0.063933626159102,36.14927680798005,0.0999999999999999,36.131321695760604,0.0242605126207101,30.147157107231923,foresafe_fixed_cvar,0.5883435582822086,0.0218867146616059,0.7417965999999998,16
True,ladder_075,0.4168575355016033,0.1171964439920276,100,0.0,0.0891962795134748,36.1226433915212,0.0999999999999999,36.1037157107232,0.0361736487025054,30.121147132169572,foresafe_fixed_cvar,0.5831424644983967,0.0287583323068331,0.7342009333333334,16
True,ladder_025,0.3903784280680251,0.098041798332265,100,0.0,0.0435096153846153,29.698753117206984,0.0999999999999999,29.67930174563591,0.0223127070325706,23.68254364089776,foresafe_fixed_cvar,0.6096215719319749,0.0186232440191716,0.7730463333333336,17
True,ladder_050,0.4015082956259427,0.0989213940015759,100,0.0,0.0592697961119013,29.78917705735661,0.0999999999999999,29.76725685785537,0.0294478288861352,23.77316708229427,foresafe_fixed_cvar,0.5984917043740573,0.0344896215015744,0.7732600000000002,17
True,ladder_075,0.3920792079207921,0.0988616466043332,100,0.0,0.0908883826879271,30.494339152119707,0.0999999999999999,30.46870324189527,0.0442873816624596,24.47546134663342,foresafe_fixed_cvar,0.6079207920792079,0.0398544891594092,0.7724334,17
True,ladder_025,0.4250421973300598,0.1173818570663207,100,0.0,0.0468074281353345,41.95229426433915,0.0999999999999999,41.92361596009974,0.0203039932202615,32.95229426433915,foresafe_fixed_cvar,0.5749578026699401,0.0170435084862882,0.7394114666666667,18
True,ladder_050,0.4259987893462469,0.1182371505998996,100,0.0,0.0559980089596814,41.94172069825436,0.0999999999999999,41.90805486284289,0.0252190942808898,32.941720698254365,foresafe_fixed_cvar,0.574001210653753,0.0316961098661078,0.7440805333333335,18
True,ladder_075,0.4187154271665642,0.1169187816605018,100,0.0,0.0835755813953488,41.94957605985037,0.0999999999999999,41.91241895261845,0.0362176980409852,32.94957605985037,foresafe_fixed_cvar,0.5812845728334358,0.0413154188791821,0.741618066666667,18
True,ladder_025,0.4076971214017522,0.115987580415768,100,0.0,0.0398173979203652,41.91197007481296,0.0999999999999999,41.88586034912717,0.0181463595922733,30.911970074812967,foresafe_fixed_cvar,0.5923028785982478,0.0163196320550781,0.7279465333333336,19
True,ladder_050,0.4157919473601754,0.1173409619375727,100,0.0,0.0599949584068565,41.899925187032416,0.0999999999999999,41.86795511221944,0.0212311157256147,30.89992518703242,foresafe_fixed_cvar,0.5842080526398246,0.0280022808446783,0.7147337999999999,19
True,ladder_075,0.4123200742919052,0.1136450989784693,100,0.0,0.0705018359853121,41.93558603491271,0.0999999999999999,41.90453865336658,0.0345956493284035,30.93558603491272,foresafe_fixed_cvar,0.5876799257080947,0.0320976036952225,0.7297381333333334,19
True,ladder_025,0.4159372170238454,0.3039699092366218,100,0.0,0.0334665334665334,19.440872817955118,0.0999999999999999,19.41164588528678,0.0183886487476765,14.210448877805486,foresafe_fixed_cvar,0.5840627829761545,0.0189076739891197,0.7455141999999999,20
True,ladder_050,0.4247139588100686,0.3007057043085412,100,0.0,0.0555972952667167,20.155286783042392,0.0999999999999999,20.12653366583541,0.0270629327849434,14.966907730673318,foresafe_fixed_cvar,0.5752860411899313,0.0363341528627853,0.7270933333333334,20
True,ladder_075,0.415420200462606,0.2961473960684195,100,0.0,0.0769418066715364,20.331895261845386,0.0999999999999999,20.30336658354115,0.0409358865676059,15.07134663341646,foresafe_fixed_cvar,0.584579799537394,0.0418567623262293,0.7318177333333336,20
