audit_passed,condition,deadline_miss_ratio,defer_probability,episodes,interruption_probability,method,on_time_delivery_ratio,post25_interruption_probability,post25_mean_action_defer_fraction,post25_mean_cvar_limit,post25_mean_shift_error,post25_mean_strict_pass_count,post50_interruption_probability,post50_mean_action_defer_fraction,post50_mean_cvar_limit,post50_mean_shift_error,post50_mean_strict_pass_count,post75_interruption_probability,post75_mean_action_defer_fraction,post75_mean_cvar_limit,post75_mean_shift_error,post75_mean_strict_pass_count,pre25_interruption_probability,pre25_mean_action_defer_fraction,pre25_mean_cvar_limit,pre25_mean_shift_error,pre25_mean_strict_pass_count,throughput_mbps,train_seed
True,mild_to_standard_channel_change,0.3961479198767334,0.1454475822575365,100,0.0515488867376573,foresafe,0.6038520801232665,0.0676835317460317,0.3357333333333334,0.0949256213404337,0.0233091049941567,13.5656,0.0938427128427128,0.3361333333333332,0.0923125168665709,0.0339773223216429,15.4088,0.0879311264071325,0.3353777777777777,0.0912322389432622,0.0394260266526297,16.125733333333333,0.0212493599590373,0.3328000000000001,0.0971359123579702,0.0165051159248526,9.0196,0.7596966666666668,11
True,mild_to_standard_channel_change,0.4089282936693109,0.0741095734923895,100,0.0554312701963708,foresafe,0.5910717063306891,0.1050928603560182,0.3338666666666668,0.0914960960137115,0.0374933334797677,33.0428,0.1052001887001887,0.3344666666666666,0.0901902371824529,0.0437791524092024,32.0626,0.1063654237059809,0.3344888888888889,0.0900757845834447,0.044624083608064,31.96826666666667,0.0141353383458646,0.3333333333333335,0.0966690113114771,0.0180059008058395,36.654,0.7397938666666667,12
True,mild_to_standard_channel_change,0.4179747614650662,0.4239757263340982,100,0.0622365484750805,foresafe,0.5820252385349338,0.1251736111111111,0.2853333333333333,0.0918080662385345,0.0368976786293532,31.3728,0.1206031746031746,0.2666666666666666,0.0888552581860061,0.049882880237442,29.451,0.1359369331648743,0.2532888888888888,0.086764231471794,0.0569870827257168,27.997066666666665,0.0301971326164874,0.3290666666666668,0.0966608383536334,0.0189933616627145,34.6036,0.7298572666666665,13
True,mild_to_standard_channel_change,0.4535068232307204,0.4247659397113161,100,0.0623468554315273,foresafe,0.5464931767692796,0.073314171208908,0.5165333333333333,0.0736440891410351,0.2320196737006251,20.386,0.0950373670422297,0.5186666666666665,0.0739333839120387,0.2187848294898709,20.6014,0.1015661661177746,0.5221333333333331,0.074743554103772,0.1826158371512613,20.98506666666667,0.021067415730337,0.4647999999999999,0.0646915318845075,0.2354380095193255,14.803199999999997,0.6412984666666667,14
True,mild_to_standard_channel_change,0.4076268611364327,0.0956142824155665,100,0.0573017408123791,foresafe,0.5923731388635674,0.0958479532163742,0.3333333333333335,0.091450918931965,0.0379646795792177,30.4648,0.1035535575535575,0.3333333333333332,0.0897402500269034,0.044793743260774,29.334399999999995,0.1086398733705235,0.3333333333333332,0.0896854116266536,0.0456166874663445,29.272133333333333,0.045854441067207,0.3333333333333335,0.0953753560979156,0.0228704778157748,32.9744,0.7649902666666665,15
True,mild_to_standard_channel_change,0.4102328431372549,0.084216171983523,100,0.0609756097560975,foresafe,0.5897671568627451,0.0897254759892122,0.3354666666666668,0.0934880188160255,0.0293764827357098,25.221999999999998,0.1064793355123123,0.3350666666666666,0.0901324393757901,0.0408980348589861,24.1394,0.1160054806304806,0.3351999999999999,0.0879878716268614,0.0501918383093519,23.30146666666667,0.02079230293516,0.3434666666666668,0.0977953421164891,0.014216420908564,25.1124,0.7486247999999999,16
True,mild_to_standard_channel_change,0.3945526475958612,0.0958726755980063,100,0.0537455410225921,foresafe,0.6054473524041387,0.0682787698412698,0.3392000000000001,0.0955051708873126,0.0222412952101208,33.93280000000001,0.0730271848035005,0.3438666666666665,0.0936017668612006,0.0311048810469608,30.386999999999997,0.0966308364837776,0.3468888888888888,0.0923404219954917,0.0361409119539735,27.958,0.0105555555555555,0.3336000000000001,0.0979005244253717,0.0139353528916072,36.2004,0.7728197333333333,17
True,mild_to_standard_channel_change,0.4374613959234095,0.1846214095366983,100,0.0559730500129567,foresafe,0.5625386040765905,0.0760700909577313,0.3329333333333335,0.0949631814960043,0.0271722561750186,35.46039999999999,0.0679646820466784,0.3329333333333333,0.0929501356779782,0.0333719630349904,34.199600000000004,0.0966229325799759,0.3329777777777777,0.0917948329532826,0.0370116630178766,33.358666666666664,0.0231996658312447,0.3321333333333335,0.0965126405946653,0.0344153858599923,36.811600000000006,0.7059733333333332,18
True,mild_to_standard_channel_change,0.4106333072713057,0.1371414083148208,100,0.0520623742454728,foresafe,0.5893666927286942,0.0679265776039969,0.3333333333333335,0.0963884146553019,0.0188153114060425,32.7616,0.0868814967299815,0.3333333333333332,0.0933138563534791,0.0307581481381463,30.8668,0.092915404040404,0.3333333333333332,0.0924571464365203,0.0343908060386801,30.31626666666667,0.0188492063492063,0.3333333333333335,0.0979724307518474,0.0127514162735179,33.9324,0.7230516666666665,19
True,mild_to_standard_channel_change,0.399969292184861,0.0825896212380871,100,0.0482221139795421,foresafe,0.600030707815139,0.0657029478458049,0.3578666666666668,0.0958503012538984,0.0204629552523792,33.27439999999999,0.0759701311760135,0.3763999999999999,0.0928669204429183,0.0303342702224528,31.266799999999996,0.0850945908666496,0.3806666666666666,0.0922051408848707,0.0336676415788728,30.792,0.0180555555555555,0.3466666666666668,0.0978423944075938,0.0136647147031773,34.5184,0.7696864000000001,20
True,mild_to_standard_channel_change,0.384924312635156,0.0880575713059245,100,0.0559506875296349,foresafe_fixed_cvar,0.615075687364844,0.0606425235457493,0.3333333333333335,0.1,0.0262168715874578,15.737599999999995,0.0785534416563828,0.3333333333333332,0.0999999999999999,0.0346909789903213,15.190799999999998,0.0947633818709669,0.3333333333333332,0.0999999999999999,0.0406806810456324,14.975466666666666,0.0259941520467836,0.3333333333333335,0.1,0.0172086824582029,17.6688,0.7698106666666668,11
True,mild_to_standard_channel_change,0.4223719254269152,0.3022207936303175,100,0.0430833117051648,foresafe_fixed_cvar,0.5776280745730847,0.0583839918946301,0.666666666666667,0.1,0.01565251709334,37.997600000000006,0.0743128644643796,0.6666666666666665,0.0999999999999999,0.0262183579783207,37.978,0.0909025760045581,0.6666666666666665,0.0999999999999999,0.0313295646574596,37.9752,0.0116431187859759,0.666666666666667,0.1,0.0130421341913411,37.9544,0.7049314666666671,12
True,mild_to_standard_channel_change,0.4010090200275187,0.0854276758161566,100,0.0420537897310513,foresafe_fixed_cvar,0.5989909799724813,0.0434895833333333,0.3333333333333335,0.1,0.0273630258843343,37.0,0.051479001390766,0.3333333333333332,0.0999999999999999,0.0290822652819494,37.0,0.0612367991485638,0.3333333333333332,0.0999999999999999,0.0308323149665084,37.0,0.0306265664160401,0.3333333333333335,0.1,0.0235377551687393,37.0,0.7523240666666666,13
True,mild_to_standard_channel_change,0.4234903572557698,0.279641008281931,100,0.0470342304677292,foresafe_fixed_cvar,0.5765096427442301,0.063901828847481,0.666666666666667,0.1,0.0244828490364704,34.0,0.0559844196207832,0.6666666666666665,0.0999999999999999,0.0285519549668969,34.0,0.0779138222888223,0.6666666666666665,0.0999999999999999,0.029646364014148,34.0,0.0234381408065618,0.666666666666667,0.1,0.022391840002862,34.0,0.6931394000000001,14
True,mild_to_standard_channel_change,0.4068078668683812,0.0913898277359593,100,0.0646469465648855,foresafe_fixed_cvar,0.5931921331316188,0.1038731812169312,0.3333333333333335,0.1,0.0380582457808156,34.0,0.1172212787212787,0.3333333333333332,0.0999999999999999,0.0465203658048128,34.0,0.1248308916229968,0.3333333333333332,0.0999999999999999,0.050113653281713,34.0,0.0388255656872678,0.3333333333333335,0.1,0.0232811796437283,34.0,0.7681297333333333,15
True,mild_to_standard_channel_change,0.4093280147284443,0.11235836050448,100,0.0496173784250802,foresafe_fixed_cvar,0.5906719852715557,0.0615122972265829,0.3334666666666668,0.1,0.0232694811032294,30.488800000000005,0.0695146242646242,0.3338666666666666,0.0999999999999999,0.0313716077172667,30.2354,0.0788834245819539,0.3339555555555554,0.0999999999999999,0.0325452041929049,30.2376,0.0264592933947772,0.3334666666666668,0.1,0.0159631889155869,31.0616,0.7451524666666667,16
True,mild_to_standard_channel_change,0.3932446889805899,0.0969076071104719,100,0.0565589353612167,foresafe_fixed_cvar,0.60675531101941,0.0705388471177944,0.3333333333333335,0.1,0.0287414367066872,19.588,0.0837449627667019,0.3333333333333332,0.0999999999999999,0.038593703800381,20.6774,0.0950777059035172,0.3333333333333332,0.0999999999999999,0.0419949669973584,21.41293333333333,0.025869638635596,0.3333333333333335,0.1,0.0219807836739538,22.235199999999995,0.7668688666666668,17
True,mild_to_standard_channel_change,0.4210444754377809,0.113567545187858,100,0.0498474059003051,foresafe_fixed_cvar,0.5789555245622191,0.086038991533497,0.3333333333333335,0.1,0.0194971900036121,33.0,0.082872456341844,0.3333333333333332,0.0999999999999999,0.0332155130885967,33.0,0.0843823701221205,0.3333333333333332,0.0999999999999999,0.0357849177123315,33.0,0.0087813620071684,0.3333333333333335,0.1,0.0194878600165679,33.0,0.7304126666666667,18
True,mild_to_standard_channel_change,0.4095371669004207,0.1180945023939413,100,0.0520390292719539,foresafe_fixed_cvar,0.5904628330995793,0.0663672050768825,0.3333333333333335,0.1,0.0185451589374677,31.0,0.0834366391184572,0.3333333333333332,0.0999999999999999,0.0306114064952059,31.0,0.0908252490973079,0.3333333333333332,0.0999999999999999,0.0339027995799826,31.0,0.0188492063492063,0.3333333333333335,0.1,0.0134808136846501,31.0,0.7278625333333332,19
True,mild_to_standard_channel_change,0.4221680134166793,0.2946138539098145,100,0.0522630657664416,foresafe_fixed_cvar,0.5778319865833206,0.0553150553150553,0.5654666666666668,0.1,0.0254691902355623,19.598800000000004,0.0823229450288273,0.5913333333333333,0.0999999999999999,0.0333512746550379,16.492800000000003,0.0972637803373097,0.6053777777777778,0.0999999999999999,0.0401559093405736,14.708266666666669,0.0314432989690721,0.542,0.1,0.0181138478921961,22.676400000000008,0.7348231333333334,20
