method,metric,mean,ci95_halfwidth
foresafe,interruption_probability,0.05598439906696763,0.0034294504896920253
foresafe,on_time_delivery_ratio,0.5862965854509044,0.013301636971759814
foresafe,throughput_mbps,0.7355792466666666,0.02835459191671884
foresafe,pre25_interruption_probability,0.02239559739456553,0.006981839535848809
foresafe,post25_interruption_probability,0.08348159898764583,0.01429567652712972
foresafe,post50_interruption_probability,0.09285598310103495,0.012068693956503456
foresafe,post75_interruption_probability,0.10277087673675736,0.01074162429712738
foresafe,pre25_mean_cvar_limit,0.09385559823014711,0.007354169347444146
foresafe,post25_mean_cvar_limit,0.09195198787742224,0.00478946030495812
foresafe,post50_mean_cvar_limit,0.08978967648853384,0.00416677957270547
foresafe,post75_mean_cvar_limit,0.08892866346259531,0.003822850152726169
foresafe_fixed_cvar,interruption_probability,0.051309478072346315,0.004799017390535901
foresafe_fixed_cvar,on_time_delivery_ratio,0.5906074158322343,0.009545926442301256
foresafe_fixed_cvar,throughput_mbps,0.7393455,0.018878124987584274
foresafe_fixed_cvar,pre25_interruption_probability,0.024193034309844923,0.006501510303372917
foresafe_fixed_cvar,post25_interruption_probability,0.0670063505107937,0.01210878170761912
foresafe_fixed_cvar,post50_interruption_probability,0.07794426333740449,0.012879117608520473
foresafe_fixed_cvar,post75_interruption_probability,0.08960800009781171,0.011785717941881699
foresafe_fixed_cvar,pre25_mean_cvar_limit,0.1,0.0
foresafe_fixed_cvar,post25_mean_cvar_limit,0.1,0.0
foresafe_fixed_cvar,post50_mean_cvar_limit,0.0999999999999999,0.0
foresafe_fixed_cvar,post75_mean_cvar_limit,0.0999999999999999,0.0
