method,profile,metric,n,mean,sd,ci95_halfwidth,ci95_low,ci95_high
Adaptive ForeSafe,compound_severe,p_int,10,0.50982101497577,0.01822129080849087,0.013034726215553738,0.4967862887602163,0.5228557411913237
Adaptive ForeSafe,compound_severe,otd,10,0.545150839551374,0.0403981462288995,0.02889909289325602,0.516251746658118,0.57404993244463
Adaptive ForeSafe,compound_severe,traffic_mbps,10,0.6682465566666667,0.05479457893705497,0.039197680452376996,0.6290488762142896,0.7074442371190437
Adaptive ForeSafe,compound_severe,defer_probability,10,0.23280444885444435,0.20916256957279122,0.14962588861446582,0.08317856023997852,0.3824303374689102
Adaptive ForeSafe,compound_severe,mean_effective_cvar_limit,10,0.05176386724794978,0.002186738924227703,0.0015642987910011496,0.050199568456948625,0.05332816603895093
Adaptive ForeSafe,compound_severe,mean_strict_supported_cvar_pass_count,10,6.021011221945137,1.9889397712918673,1.4228018009533516,4.598209420991785,7.443813022898488
Adaptive ForeSafe,compound_severe,mean_cvar_admissible_action_count,10,14.147491271820451,1.688606757449838,1.2079565054104728,12.939534766409977,15.355447777230925
Adaptive ForeSafe,mild_minus,p_int,10,0.03509409577067697,0.0037946812498492817,0.002714551438037077,0.0323795443326399,0.03780864720871405
Adaptive ForeSafe,mild_minus,otd,10,0.5885044979842672,0.01907627393071965,0.013646344296528458,0.5748581536877387,0.6021508422807956
Adaptive ForeSafe,mild_minus,traffic_mbps,10,0.7404993333333334,0.03488773010728864,0.024957178665889607,0.7155421546674438,0.765456511999223
Adaptive ForeSafe,mild_minus,defer_probability,10,0.1446284145147187,0.1095628354105916,0.07837653094869398,0.06625188356602471,0.22300494546341268
Adaptive ForeSafe,mild_minus,mean_effective_cvar_limit,10,0.09568994865472509,0.0028251247612165013,0.002020972508164949,0.09366897614656014,0.09771092116289004
Adaptive ForeSafe,mild_minus,mean_strict_supported_cvar_pass_count,10,30.959386533665832,5.415890766643723,3.874294861901345,27.085091671764488,34.833681395567176
Adaptive ForeSafe,mild_minus,mean_cvar_admissible_action_count,10,36.12735037406484,4.736479272683382,3.388273157700968,32.739077216363874,39.515623531765804
Adaptive ForeSafe,nominal,p_int,10,0.03248034360854173,0.003628555641398858,0.0025957123367734876,0.029884631271768245,0.035076055945315224
Adaptive ForeSafe,nominal,otd,10,0.5910165562952261,0.018525161488390247,0.01325210220494176,0.5777644540902843,0.6042686585001679
Adaptive ForeSafe,nominal,traffic_mbps,10,0.7428054900000001,0.03327890099623261,0.02380629165076903,0.718999198349231,0.7666117816507692
Adaptive ForeSafe,nominal,defer_probability,10,0.14211930095959793,0.107062322344746,0.07658777165857145,0.06553152930102649,0.21870707261816938
Adaptive ForeSafe,nominal,mean_effective_cvar_limit,10,0.09605670885752386,0.0025921152976675138,0.001854287579258661,0.0942024212782652,0.09791099643678253
Adaptive ForeSafe,nominal,mean_strict_supported_cvar_pass_count,10,31.204001246882797,5.419872221266657,3.8771430229616697,27.32685822392113,35.081144269844465
Adaptive ForeSafe,nominal,mean_cvar_admissible_action_count,10,36.34115087281796,4.732173163420284,3.385192752701747,32.955958120116215,39.72634362551971
Adaptive ForeSafe,standard_compound,p_int,10,0.12023910819344756,0.00980001983878112,0.007010511870321593,0.11322859632312597,0.12724962006376916
Adaptive ForeSafe,standard_compound,otd,10,0.5864359764214464,0.019159950123256882,0.013706202638725299,0.572729773782721,0.6001421790601718
Adaptive ForeSafe,standard_compound,traffic_mbps,10,0.7335459199999999,0.03513669276619842,0.025135275823269538,0.7084106441767303,0.7586811958232694
Adaptive ForeSafe,standard_compound,defer_probability,10,0.17846074422291952,0.14372704783617818,0.10281613624438614,0.07564460797853338,0.28127688046730565
Adaptive ForeSafe,standard_compound,mean_effective_cvar_limit,10,0.08601051168790379,0.0029639874336301925,0.002120308879857625,0.08389020280804617,0.0881308205677614
Adaptive ForeSafe,standard_compound,mean_strict_supported_cvar_pass_count,10,24.967728179551123,4.592664042691698,3.2853939397426575,21.682334239808466,28.25312211929378
Adaptive ForeSafe,standard_compound,mean_cvar_admissible_action_count,10,30.818598503740652,4.054579017522769,2.900471100988666,27.918127402751985,33.71906960472932
"Adaptive ForeSafe, no belief",compound_severe,p_int,10,0.500742842962278,0.020780295893851566,0.014865328175780564,0.48587751478649743,0.5156081711380586
"Adaptive ForeSafe, no belief",compound_severe,otd,10,0.5215003853658035,0.04521860592576447,0.03234744202736163,0.48915294333844184,0.5538478273931651
"Adaptive ForeSafe, no belief",compound_severe,traffic_mbps,10,0.6302811833333334,0.0627514892876542,0.04488971122186762,0.5853914721114658,0.675170894555201
"Adaptive ForeSafe, no belief",compound_severe,defer_probability,10,0.41506083319414505,0.2808544987646561,0.20091120526422623,0.21414962792991882,0.6159720384583713
"Adaptive ForeSafe, no belief",compound_severe,mean_effective_cvar_limit,10,0.05131171817010821,0.002034975482889576,0.0014557337651660465,0.04985598440494216,0.05276745193527426
"Adaptive ForeSafe, no belief",compound_severe,mean_strict_supported_cvar_pass_count,10,5.694602244389027,1.8354149367871684,1.312976750352412,4.381625494036615,7.007578994741439
"Adaptive ForeSafe, no belief",compound_severe,mean_cvar_admissible_action_count,10,13.764880299251871,1.4966570699156532,1.0706439708339823,12.694236328417889,14.835524270085854
"Adaptive ForeSafe, no belief",mild_minus,p_int,10,0.033694197880734605,0.005827955017177185,0.004169067869224083,0.029525130011510522,0.037863265749958686
"Adaptive ForeSafe, no belief",mild_minus,otd,10,0.5869456193958167,0.01196469716976934,0.008559028748242162,0.5783865906475745,0.5955046481440589
"Adaptive ForeSafe, no belief",mild_minus,traffic_mbps,10,0.73795722,0.02223817383508716,0.01590823122910574,0.7220489887708942,0.7538654512291058
"Adaptive ForeSafe, no belief",mild_minus,defer_probability,10,0.19789498775141015,0.09029959154080985,0.06459643641504854,0.1332985513363616,0.2624914241664587
"Adaptive ForeSafe, no belief",mild_minus,mean_effective_cvar_limit,10,0.09707473011817407,0.0009231184738838201,0.0006603591753218915,0.09641437094285217,0.09773508929349596
"Adaptive ForeSafe, no belief",mild_minus,mean_strict_supported_cvar_pass_count,10,31.167649625935155,7.671050993256606,5.487539304079239,25.680110321855917,36.6551889300144
"Adaptive ForeSafe, no belief",mild_minus,mean_cvar_admissible_action_count,10,35.8823029925187,7.423638771435081,5.310551262577665,30.571751729941038,41.192854255096364
"Adaptive ForeSafe, no belief",nominal,p_int,10,0.02996248349873861,0.004689124088551493,0.003354397299698709,0.026608086199039902,0.03331688079843732
"Adaptive ForeSafe, no belief",nominal,otd,10,0.5891178880100459,0.014158032873800786,0.010128046591233087,0.5789898414188128,0.5992459346012791
"Adaptive ForeSafe, no belief",nominal,traffic_mbps,10,0.7384754066666667,0.023905266810406858,0.01710079770189587,0.7213746089647708,0.7555762043685625
"Adaptive ForeSafe, no belief",nominal,defer_probability,10,0.19771120157763136,0.09079762242927826,0.06495270625050112,0.13275849532713024,0.2626639078281325
"Adaptive ForeSafe, no belief",nominal,mean_effective_cvar_limit,10,0.09719634635898505,0.000911619686430514,0.00065213343830688,0.09654421292067818,0.09784847979729193
"Adaptive ForeSafe, no belief",nominal,mean_strict_supported_cvar_pass_count,10,31.245148379052363,7.74862592145201,5.543033064694,25.702115314358362,36.78818144374636
"Adaptive ForeSafe, no belief",nominal,mean_cvar_admissible_action_count,10,35.949625935162096,7.487279544766915,5.356077129281907,30.59354880588019,41.305703064444
"Adaptive ForeSafe, no belief",standard_compound,p_int,10,0.1165567332875184,0.01532393001571358,0.010962079163351866,0.10559465412416652,0.12751881245087027
"Adaptive ForeSafe, no belief",standard_compound,otd,10,0.5799789808243573,0.011400028339349414,0.008155089000814892,0.5718238918235424,0.5881340698251721
"Adaptive ForeSafe, no belief",standard_compound,traffic_mbps,10,0.7232650700000001,0.020174647003085917,0.014432073059177883,0.7088329969408221,0.737697143059178
"Adaptive ForeSafe, no belief",standard_compound,defer_probability,10,0.284750236074374,0.15367598897320675,0.10993317999385516,0.17481705608051884,0.39468341606822915
"Adaptive ForeSafe, no belief",standard_compound,mean_effective_cvar_limit,10,0.08725631497208378,0.002841364321393353,0.002032589589687386,0.08522372538239639,0.08928890456177116
"Adaptive ForeSafe, no belief",standard_compound,mean_strict_supported_cvar_pass_count,10,25.442624688279302,6.469686656301897,4.62813502905182,20.814489659227483,30.07075971733112
"Adaptive ForeSafe, no belief",standard_compound,mean_cvar_admissible_action_count,10,30.84642892768079,6.071005793761369,4.342935920755112,26.50349300692568,35.1893648484359
"Fixed CVaR, no belief",compound_severe,p_int,10,0.5177484726508385,0.014458586597614058,0.010343049773178112,0.5074054228776603,0.5280915224240166
"Fixed CVaR, no belief",compound_severe,otd,10,0.5635587228976243,0.008142608422804657,0.005824871167868213,0.5577338517297561,0.5693835940654925
"Fixed CVaR, no belief",compound_severe,traffic_mbps,10,0.69511327,0.013161502297694201,0.009415171561604317,0.6856980984383957,0.7045284415616043
"Fixed CVaR, no belief",compound_severe,defer_probability,10,0.09120116585180015,0.021835161867861042,0.015619933835161713,0.07558123201663844,0.10682109968696185
"Fixed CVaR, no belief",compound_severe,mean_effective_cvar_limit,10,0.1,0.0,0.0,0.1,0.1
"Fixed CVaR, no belief",compound_severe,mean_strict_supported_cvar_pass_count,10,30.543023690773065,2.93417658746524,2.0989834851806974,28.44404020559237,32.642007175953765
"Fixed CVaR, no belief",compound_severe,mean_cvar_admissible_action_count,10,40.381991271820446,2.713236625627602,1.940932557675248,38.4410587141452,42.32292382949569
"Fixed CVaR, no belief",mild_minus,p_int,10,0.036285084037458774,0.004260848179413739,0.003048027170436152,0.03323705686702262,0.03933311120789493
"Fixed CVaR, no belief",mild_minus,otd,10,0.5951419844657987,0.006974591463200619,0.004989322169524605,0.590152662296274,0.6001313066353233
"Fixed CVaR, no belief",mild_minus,traffic_mbps,10,0.7501333166666668,0.011754203599545494,0.008408450719120114,0.7417248659475467,0.7585417673857869
"Fixed CVaR, no belief",mild_minus,defer_probability,10,0.09518716738725022,0.016052140627561502,0.0114830096535384,0.08370415773371181,0.10667017704078863
"Fixed CVaR, no belief",mild_minus,mean_effective_cvar_limit,10,0.1,0.0,0.0,0.1,0.1
"Fixed CVaR, no belief",mild_minus,mean_strict_supported_cvar_pass_count,10,31.105852867830418,3.0595400139863553,2.188663078098723,28.917189789731694,33.29451594592914
"Fixed CVaR, no belief",mild_minus,mean_cvar_admissible_action_count,10,40.92326558603491,1.898833035000965,1.358343324873177,39.56492226116173,42.28160891090808
"Fixed CVaR, no belief",nominal,p_int,10,0.0334383276879542,0.0027077520182211125,0.0019370091058904778,0.03150131858206372,0.03537533679384468
"Fixed CVaR, no belief",nominal,otd,10,0.5962041997430337,0.009016131055663389,0.006449751615805385,0.5897544481272283,0.6026539513588391
"Fixed CVaR, no belief",nominal,traffic_mbps,10,0.75127303,0.016537280868153943,0.011830058075010471,0.7394429719249895,0.7631030880750105
"Fixed CVaR, no belief",nominal,defer_probability,10,0.0952686492628644,0.016490319612389517,0.011796464016386335,0.08347218524647806,0.10706511327925072
"Fixed CVaR, no belief",nominal,mean_effective_cvar_limit,10,0.1,0.0,0.0,0.1,0.1
"Fixed CVaR, no belief",nominal,mean_strict_supported_cvar_pass_count,10,31.068372817955115,3.0375022098729447,2.1728981827337663,28.895474635221348,33.24127100068888
"Fixed CVaR, no belief",nominal,mean_cvar_admissible_action_count,10,40.886261845386535,1.9504214880717345,1.3952474810456956,39.49101436434084,42.28150932643223
"Fixed CVaR, no belief",standard_compound,p_int,10,0.1228052462399208,0.011299881922267751,0.008083448569747305,0.11472179767017349,0.1308886948096681
"Fixed CVaR, no belief",standard_compound,otd,10,0.5933818247789358,0.008526038040802169,0.006099160193056427,0.5872826645858793,0.5994809849719922
"Fixed CVaR, no belief",standard_compound,traffic_mbps,10,0.7471290733333333,0.014822761497617779,0.01060356480287695,0.7365255085304564,0.7577326381362103
"Fixed CVaR, no belief",standard_compound,defer_probability,10,0.09439534820280379,0.01738542527492064,0.012436784033651421,0.08195856416915237,0.10683213223645521
"Fixed CVaR, no belief",standard_compound,mean_effective_cvar_limit,10,0.1,0.0,0.0,0.1,0.1
"Fixed CVaR, no belief",standard_compound,mean_strict_supported_cvar_pass_count,10,31.03769825436409,3.021599798540276,2.1615222829653553,28.876175971398737,33.199220537329445
"Fixed CVaR, no belief",standard_compound,mean_cvar_admissible_action_count,10,40.85766832917706,1.9806497425683043,1.4168714716552557,39.4407968575218,42.274539800832315
ForeSafe (fixed CVaR),compound_severe,p_int,10,0.5143890536085152,0.014249941902034019,0.010193794349300784,0.5041952592592144,0.524582847957816
ForeSafe (fixed CVaR),compound_severe,otd,10,0.5531039908793837,0.014515967894833844,0.010384097880417841,0.5427198929989658,0.5634880887598015
ForeSafe (fixed CVaR),compound_severe,traffic_mbps,10,0.6765168500000001,0.03128524153101409,0.02238011358417118,0.6541367364158289,0.6988969635841712
ForeSafe (fixed CVaR),compound_severe,defer_probability,10,0.14861008813593327,0.0858161703602772,0.061389190111179354,0.08722089802475391,0.20999927824711262
ForeSafe (fixed CVaR),compound_severe,mean_effective_cvar_limit,10,0.1,0.0,0.0,0.1,0.1
ForeSafe (fixed CVaR),compound_severe,mean_strict_supported_cvar_pass_count,10,29.329958852867833,7.456323525906101,5.333932527408466,23.99602632545937,34.6638913802763
ForeSafe (fixed CVaR),compound_severe,mean_cvar_admissible_action_count,10,36.421461346633414,7.530986527496492,5.387343221216651,31.034118125416764,41.80880456785007
ForeSafe (fixed CVaR),mild_minus,p_int,10,0.03262393554167556,0.003382851415332932,0.00241994612183105,0.030203989419844507,0.03504388166350661
ForeSafe (fixed CVaR),mild_minus,otd,10,0.5908874076868574,0.012243319679754141,0.00875834328491867,0.5821290644019388,0.5996457509717761
ForeSafe (fixed CVaR),mild_minus,traffic_mbps,10,0.7409977533333333,0.022243387043184078,0.015911960533520134,0.7250857927998131,0.7569097138668535
ForeSafe (fixed CVaR),mild_minus,defer_probability,10,0.15970418568703876,0.09669219015582951,0.06916942598140136,0.0905347597056374,0.2288736116684401
ForeSafe (fixed CVaR),mild_minus,mean_effective_cvar_limit,10,0.1,0.0,0.0,0.1,0.1
ForeSafe (fixed CVaR),mild_minus,mean_strict_supported_cvar_pass_count,10,28.94410224438903,8.342562913987729,5.967909994015874,22.976192250373156,34.912012238404905
ForeSafe (fixed CVaR),mild_minus,mean_cvar_admissible_action_count,10,35.97365835411472,8.5882182068485,6.143641204252074,29.830017149862645,42.117299558366796
ForeSafe (fixed CVaR),nominal,p_int,10,0.029422203413715486,0.004175570636175418,0.0029870232909564066,0.02643518012275908,0.03240922670467189
ForeSafe (fixed CVaR),nominal,otd,10,0.5911277209123151,0.00897237795788243,0.006418452535150165,0.584709268377165,0.5975461734474653
ForeSafe (fixed CVaR),nominal,traffic_mbps,10,0.7414164533333334,0.021102750028930056,0.015095997968167758,0.7263204553651657,0.7565124513015011
ForeSafe (fixed CVaR),nominal,defer_probability,10,0.16003126777537433,0.09590942986680685,0.0686094730029294,0.09142179477244493,0.2286407407783037
ForeSafe (fixed CVaR),nominal,mean_effective_cvar_limit,10,0.1,0.0,0.0,0.1,0.1
ForeSafe (fixed CVaR),nominal,mean_strict_supported_cvar_pass_count,10,28.89099750623442,8.443038762251689,6.039786085954758,22.85121142027966,34.93078359218918
ForeSafe (fixed CVaR),nominal,mean_cvar_admissible_action_count,10,35.92336533665836,8.680037151069035,6.209324520099167,29.71404081655919,42.13268985675752
ForeSafe (fixed CVaR),standard_compound,p_int,10,0.11377033661928034,0.009713681572314217,0.00694874919515496,0.10682158742412537,0.1207190858144353
ForeSafe (fixed CVaR),standard_compound,otd,10,0.5847844064294427,0.01214576035157788,0.008688553545765924,0.5760958528836768,0.5934729599752087
ForeSafe (fixed CVaR),standard_compound,traffic_mbps,10,0.7335465533333334,0.029055870130768744,0.02078531735703218,0.7127612359763013,0.7543318706903656
ForeSafe (fixed CVaR),standard_compound,defer_probability,10,0.1576465415951134,0.09379582131506257,0.06709748852892047,0.09054905306619293,0.22474403012403388
ForeSafe (fixed CVaR),standard_compound,mean_effective_cvar_limit,10,0.1,0.0,0.0,0.1,0.1
ForeSafe (fixed CVaR),standard_compound,mean_strict_supported_cvar_pass_count,10,29.11706234413965,8.087583014495426,5.785508362030349,23.331553982109302,34.902570706169996
ForeSafe (fixed CVaR),standard_compound,mean_cvar_admissible_action_count,10,36.15010349127182,8.30185622090324,5.938790179998657,30.211313311273166,42.088893671270476
