method,profile,p_int_mean,p_int_ci95,otd_mean,otd_ci95,traffic_mbps_mean,traffic_mbps_ci95
ForeSafe (fixed CVaR),nominal,0.029422203413715486,0.0029870232909564066,0.5911277209123151,0.006418452535150165,0.7414164533333334,0.015095997968167758
ForeSafe (fixed CVaR),mild_minus,0.03262393554167556,0.00241994612183105,0.5908874076868574,0.00875834328491867,0.7409977533333333,0.015911960533520134
ForeSafe (fixed CVaR),standard_compound,0.11377033661928034,0.00694874919515496,0.5847844064294427,0.008688553545765924,0.7335465533333334,0.02078531735703218
ForeSafe (fixed CVaR),compound_severe,0.5143890536085152,0.010193794349300784,0.5531039908793837,0.010384097880417841,0.6765168500000001,0.02238011358417118
Belief-PPO,nominal,0.03351396738562788,0.0035814576972692347,0.5980907321289369,0.006590440963271451,0.7540781833333334,0.012941336541924262
Belief-PPO,mild_minus,0.03780832798438913,0.003182137156086649,0.5967399263111755,0.006449815198742186,0.7521563733333333,0.010814302114670707
Belief-PPO,standard_compound,0.12617452917406882,0.00840085325260764,0.5920324996008127,0.00705406946106913,0.7447932500000001,0.015567458091297108
Belief-PPO,compound_severe,0.5261263385649148,0.011155593569793456,0.5638038433985283,0.006396174390181357,0.6943559366666666,0.011547733408067126
Belief-PPO-Lagrangian,nominal,0.03376878899021023,0.0030637353956498824,0.5962176898410991,0.005430621647435529,0.7508363266666667,0.010432864733419983
Belief-PPO-Lagrangian,mild_minus,0.03731648767664984,0.003287861839746757,0.5958410873432199,0.005672605777944899,0.7490426166666667,0.008503649191242994
Belief-PPO-Lagrangian,standard_compound,0.12569117897056586,0.0076618672390043295,0.5910822003129435,0.005533808832439366,0.7433748266666667,0.014379320738661074
Belief-PPO-Lagrangian,compound_severe,0.5261297833180559,0.011660065237467427,0.5634099139482875,0.005456232049742725,0.6946988966666667,0.00979303391671613
RQ-Greedy,nominal,0.04044030654591439,0.001748452785979233,0.598553601003705,0.005445713148596778,0.7548051333333333,0.00916464347340855
RQ-Greedy,mild_minus,0.04526991161922907,0.001273048754103195,0.5983896158251529,0.004849885047118334,0.7569408266666667,0.011602962326197763
RQ-Greedy,standard_compound,0.1455866348283661,0.005200921831699106,0.5943985166241323,0.005800295872082924,0.7494276766666667,0.011178189703007883
RQ-Greedy,compound_severe,0.5519245279494323,0.002847494577124271,0.5690780912587808,0.005926607035110705,0.7025415666666667,0.009215701420235542
MaxWeight,nominal,0.043803830615475256,0.0016888853416570748,0.5981514326136067,0.005413952317777238,0.7529190266666667,0.008595788170131794
MaxWeight,mild_minus,0.04933021315338623,0.002232539116588439,0.5987085764476867,0.005184836044407508,0.7549188066666667,0.013293680885335054
MaxWeight,standard_compound,0.15219092217276098,0.004113953777659363,0.5955156284400438,0.0061027999411892775,0.7501353966666667,0.01122983835260764
MaxWeight,compound_severe,0.5631260096587305,0.0034384200312050314,0.5692756285597761,0.005799732488468729,0.7036797400000001,0.008974195375914287
Protected-MaxWeight,nominal,0.029211015997089078,0.0017019136420273143,0.5940820579794727,0.005530495103553085,0.74575396,0.010748646480775786
Protected-MaxWeight,mild_minus,0.03231861201379724,0.001299710617227222,0.5943849674754011,0.005767595463867141,0.74859857,0.012584284360111622
Protected-MaxWeight,standard_compound,0.11411474797742929,0.002575222708712375,0.5888819266723608,0.006056545963800965,0.7381143533333334,0.012806395706517232
Protected-MaxWeight,compound_severe,0.5051097371756461,0.00415811501758899,0.5606483447320059,0.005148421849119581,0.68802744,0.010759221675396597
