method,condition,metric,mean,ci95_halfwidth
belief_ppo,ladder_025,interruption_probability,0.04847252876038914,0.0038560677329162927
belief_ppo,ladder_025,on_time_delivery_ratio,0.5972282000444235,0.008347510408805684
belief_ppo,ladder_025,throughput_mbps,0.7530346666666667,0.014088930958651203
belief_ppo,ladder_025,mean_effective_cvar_limit,,
belief_ppo,ladder_025,mean_strict_supported_cvar_pass_count,,
belief_ppo,ladder_025,mean_cvar_admissible_action_count,,
belief_ppo,ladder_025,defer_probability,0.08927414134118615,0.014207481874090317
belief_ppo,ladder_050,interruption_probability,0.06611467001492008,0.0045938314927767565
belief_ppo,ladder_050,on_time_delivery_ratio,0.5946767972301485,0.007967561815836986
belief_ppo,ladder_050,throughput_mbps,0.7476800733333333,0.015637613148204808
belief_ppo,ladder_050,mean_effective_cvar_limit,,
belief_ppo,ladder_050,mean_strict_supported_cvar_pass_count,,
belief_ppo,ladder_050,mean_cvar_admissible_action_count,,
belief_ppo,ladder_050,defer_probability,0.08862477533867294,0.014613414347478617
belief_ppo,ladder_075,interruption_probability,0.09228376955143644,0.007675852115254788
belief_ppo,ladder_075,on_time_delivery_ratio,0.5954677516087823,0.007202490310644914
belief_ppo,ladder_075,throughput_mbps,0.7508054866666667,0.014171860128870395
belief_ppo,ladder_075,mean_effective_cvar_limit,,
belief_ppo,ladder_075,mean_strict_supported_cvar_pass_count,,
belief_ppo,ladder_075,mean_cvar_admissible_action_count,,
belief_ppo,ladder_075,defer_probability,0.08759964641592226,0.014573473340568617
belief_ppo_lagrangian,ladder_025,interruption_probability,0.048393989423684156,0.0038574533037730365
belief_ppo_lagrangian,ladder_025,on_time_delivery_ratio,0.5961110991454033,0.006360225846962175
belief_ppo_lagrangian,ladder_025,throughput_mbps,0.7509364866666667,0.01564831870297177
belief_ppo_lagrangian,ladder_025,mean_effective_cvar_limit,,
belief_ppo_lagrangian,ladder_025,mean_strict_supported_cvar_pass_count,,
belief_ppo_lagrangian,ladder_025,mean_cvar_admissible_action_count,,
belief_ppo_lagrangian,ladder_025,defer_probability,0.10073766250129775,0.010424202469644048
belief_ppo_lagrangian,ladder_050,interruption_probability,0.06634399781606612,0.004523893811604551
belief_ppo_lagrangian,ladder_050,on_time_delivery_ratio,0.595971531965892,0.005701131514666511
belief_ppo_lagrangian,ladder_050,throughput_mbps,0.7465648666666667,0.011461909234303166
belief_ppo_lagrangian,ladder_050,mean_effective_cvar_limit,,
belief_ppo_lagrangian,ladder_050,mean_strict_supported_cvar_pass_count,,
belief_ppo_lagrangian,ladder_050,mean_cvar_admissible_action_count,,
belief_ppo_lagrangian,ladder_050,defer_probability,0.09979160764371968,0.010302878651371156
belief_ppo_lagrangian,ladder_075,interruption_probability,0.09042425026536408,0.007878897583964501
belief_ppo_lagrangian,ladder_075,on_time_delivery_ratio,0.594288530878421,0.005008763209936547
belief_ppo_lagrangian,ladder_075,throughput_mbps,0.7476272933333333,0.010099893789575324
belief_ppo_lagrangian,ladder_075,mean_effective_cvar_limit,,
belief_ppo_lagrangian,ladder_075,mean_strict_supported_cvar_pass_count,,
belief_ppo_lagrangian,ladder_075,mean_cvar_admissible_action_count,,
belief_ppo_lagrangian,ladder_075,defer_probability,0.09870072936204363,0.010666185200553468
foresafe,ladder_025,interruption_probability,0.0491483040726451,0.0038752434129951598
foresafe,ladder_025,on_time_delivery_ratio,0.5904384981329696,0.014710433619595727
foresafe,ladder_025,throughput_mbps,0.7444545533333334,0.027552416722954557
foresafe,ladder_025,mean_effective_cvar_limit,0.09433465696139667,0.001959722846924037
foresafe,ladder_025,mean_strict_supported_cvar_pass_count,30.078755610972564,3.787549646809303
foresafe,ladder_025,mean_cvar_admissible_action_count,35.34858104738154,3.3304983078671677
foresafe,ladder_025,defer_probability,0.15196218174901907,0.07920326492212172
foresafe,ladder_050,interruption_probability,0.06388406606505634,0.00424976761085272
foresafe,ladder_050,on_time_delivery_ratio,0.5885350993771699,0.016029039073825
foresafe,ladder_050,throughput_mbps,0.73523182,0.030204545946479925
foresafe,ladder_050,mean_effective_cvar_limit,0.09301441673714972,0.001970910557579717
foresafe,ladder_050,mean_strict_supported_cvar_pass_count,29.237640897755607,3.720966524186287
foresafe,ladder_050,mean_cvar_admissible_action_count,34.59927930174563,3.2867802480362083
foresafe,ladder_050,defer_probability,0.15936356851632705,0.08415430302830051
foresafe,ladder_075,interruption_probability,0.0882292107813146,0.007234457731106256
foresafe,ladder_075,on_time_delivery_ratio,0.5890795236370173,0.015141627097463
foresafe,ladder_075,throughput_mbps,0.73887402,0.028390922066189702
foresafe,ladder_075,mean_effective_cvar_limit,0.08982093953404859,0.0018744695179387166
foresafe,ladder_075,mean_strict_supported_cvar_pass_count,27.303344139650875,3.477378062784571
foresafe,ladder_075,mean_cvar_admissible_action_count,32.89255610972568,3.089691936780916
foresafe,ladder_075,defer_probability,0.16879459913619527,0.09055054381566138
foresafe_fixed_cvar,ladder_025,interruption_probability,0.04167305022931278,0.004825505839122965
foresafe_fixed_cvar,ladder_025,on_time_delivery_ratio,0.5913328570836692,0.009823404433339619
foresafe_fixed_cvar,ladder_025,throughput_mbps,0.7447128333333334,0.020358788586499497
foresafe_fixed_cvar,ladder_025,mean_effective_cvar_limit,0.0999999999999999,0.0
foresafe_fixed_cvar,ladder_025,mean_strict_supported_cvar_pass_count,28.938917705735662,6.011375516677182
foresafe_fixed_cvar,ladder_025,mean_cvar_admissible_action_count,35.969246882793016,6.182348948593527
foresafe_fixed_cvar,ladder_025,defer_probability,0.16156440984304127,0.06801512792463921
foresafe_fixed_cvar,ladder_050,interruption_probability,0.05914312448101701,0.004035509368657772
foresafe_fixed_cvar,ladder_050,on_time_delivery_ratio,0.587369354115439,0.008959803706017556
foresafe_fixed_cvar,ladder_050,throughput_mbps,0.7370903933333334,0.017683418462290424
foresafe_fixed_cvar,ladder_050,mean_effective_cvar_limit,0.0999999999999999,0.0
foresafe_fixed_cvar,ladder_050,mean_strict_supported_cvar_pass_count,29.016453865336654,5.890741464869241
foresafe_fixed_cvar,ladder_050,mean_cvar_admissible_action_count,36.04246882793017,6.059053662042915
foresafe_fixed_cvar,ladder_050,defer_probability,0.1612290792669522,0.06767609260608103
foresafe_fixed_cvar,ladder_075,interruption_probability,0.0807561879365571,0.008741160626047205
foresafe_fixed_cvar,ladder_075,on_time_delivery_ratio,0.5889069823928279,0.008997666879449888
foresafe_fixed_cvar,ladder_075,throughput_mbps,0.7379001333333333,0.018931574441348208
foresafe_fixed_cvar,ladder_075,mean_effective_cvar_limit,0.0999999999999999,0.0
foresafe_fixed_cvar,ladder_075,mean_strict_supported_cvar_pass_count,29.087234413965085,5.850496579545547
foresafe_fixed_cvar,ladder_075,mean_cvar_admissible_action_count,36.1206608478803,6.002222035596124
foresafe_fixed_cvar,ladder_075,defer_probability,0.16104886387821946,0.06790451195627281
foresafe_no_belief,ladder_025,interruption_probability,0.044468056142498505,0.005336173451438647
foresafe_no_belief,ladder_025,on_time_delivery_ratio,0.5875601216795865,0.008628715875358623
foresafe_no_belief,ladder_025,throughput_mbps,0.7359560466666666,0.016208458177870602
foresafe_no_belief,ladder_025,mean_effective_cvar_limit,0.09602372211905456,0.0008967703489468157
foresafe_no_belief,ladder_025,mean_strict_supported_cvar_pass_count,30.541807980049875,5.348587501136492
foresafe_no_belief,ladder_025,mean_cvar_admissible_action_count,35.33436907730673,5.1816061003519795
foresafe_no_belief,ladder_025,defer_probability,0.21170036374284024,0.06666633128871677
foresafe_no_belief,ladder_050,interruption_probability,0.06241142719977004,0.005009446953721329
foresafe_no_belief,ladder_050,on_time_delivery_ratio,0.5864488291291832,0.01006359984681166
foresafe_no_belief,ladder_050,throughput_mbps,0.7318137000000001,0.018548392095310357
foresafe_no_belief,ladder_050,mean_effective_cvar_limit,0.09430339812576051,0.0013258680543870992
foresafe_no_belief,ladder_050,mean_strict_supported_cvar_pass_count,29.516099750623443,5.270875241895126
foresafe_no_belief,ladder_050,mean_cvar_admissible_action_count,34.41623192019951,5.040378641219874
foresafe_no_belief,ladder_050,defer_probability,0.22961725718313666,0.07487809100596081
foresafe_no_belief,ladder_075,interruption_probability,0.08367869142446555,0.009844258928608624
foresafe_no_belief,ladder_075,on_time_delivery_ratio,0.5841607817080421,0.010236837887458489
foresafe_no_belief,ladder_075,throughput_mbps,0.7306008866666668,0.016404746428913042
foresafe_no_belief,ladder_075,mean_effective_cvar_limit,0.09145447657808815,0.0019179585113477905
foresafe_no_belief,ladder_075,mean_strict_supported_cvar_pass_count,27.853798004987528,4.914438427727796
foresafe_no_belief,ladder_075,mean_cvar_admissible_action_count,32.958326683291766,4.677363167766707
foresafe_no_belief,ladder_075,defer_probability,0.25500679166376977,0.09157768162374624
