"Algorithm","Hash","Path"
"SHA256","F0A6784FEC2C0236E6EED56730F7B2BFE44C39AD77548691EF4BEFF26C6A8770","C:\Users\WINLabIT\Desktop\ForeSafe_RL\ForeSafe_RL_V1_5\benchmark_stress_references_v15.py"
"SHA256","F9CAF52ADFBA7447E3A3FB68365BA6A02B80161DAB6DE7D0F09530C4543488EC","C:\Users\WINLabIT\Desktop\ForeSafe_RL\ForeSafe_RL_V1_5\diagnose_online_residual_calibration_v15.py"
"SHA256","ADB717C38646426BF9B014C0C6500FF94D3F254E3E7E8FC7D4A9C68FBC292B5B","C:\Users\WINLabIT\Desktop\ForeSafe_RL\ForeSafe_RL_V1_5\evaluate_foresafe_checkpoint_v15.py"
"SHA256","45E5AF0E8856BDEBFDE7C0B4E4DA1FAF920F86DA56DFBED21D8232E24BB5EDBD","C:\Users\WINLabIT\Desktop\ForeSafe_RL\ForeSafe_RL_V1_5\foresafe_config.py"
"SHA256","1C73E90DBE4897B9BDD6A91DE227008D6DA864E999D7A7FB51FD36289B036D7B","C:\Users\WINLabIT\Desktop\ForeSafe_RL\ForeSafe_RL_V1_5\foresafe_observation.py"
"SHA256","3DF47B58A541C7CEC4F5D46FD296DAB74A8FBB04306F4B727EB7EC9067107A01","C:\Users\WINLabIT\Desktop\ForeSafe_RL\ForeSafe_RL_V1_5\foresafe_ppo.py"
"SHA256","50F5E990E6A24D0AB988A153A239E3CE55644576F0012D3DEB23F2277177F150","C:\Users\WINLabIT\Desktop\ForeSafe_RL\ForeSafe_RL_V1_5\foresafe_risk.py"
"SHA256","CB22AA850668B8854C46F12B1ACCC5A761F067BE6E8164ED837F33BB406E0953","C:\Users\WINLabIT\Desktop\ForeSafe_RL\ForeSafe_RL_V1_5\run_foresafe.py"
"SHA256","6A15C6E56FE384B6AC7742197CA375B05FA639057AF0D356911AFDCA07702958","C:\Users\WINLabIT\Desktop\ForeSafe_RL\ForeSafe_RL_V1_5\sweep_foresafe_shield_v15_fixed2.py"
"SHA256","F49EA1B258FB24ECC47BF618E365BD5019325152ADF760B2A2F1C778BE4729CA","C:\Users\WINLabIT\Desktop\ForeSafe_RL\ForeSafe_RL_V1_5\validate_backend.py"
"SHA256","C9C0DC817DA0A4D375469AE5973B5875944078E4F8EAD423B4D9D321A4DCCA62","C:\Users\WINLabIT\Desktop\ForeSafe_RL\ForeSafe_RL_V1_5\validate_foresafe.py"
"SHA256","2B1EB7D59F989EB77E3CE28C75B05E7F533BEFDA8E2AF6D733A54EB3E0325E2E","C:\Users\WINLabIT\Desktop\ForeSafe_RL\ForeSafe_RL_V1_5\viot_env.py"
"SHA256","61E3FFE49C5E2E5ED8B1D70B621F99217A99E60747069B3926A50092F9932B64","C:\Users\WINLabIT\Desktop\ForeSafe_RL\ForeSafe_RL_V1_5\viot_phy.py"
"SHA256","A93417D112AA535F7EDDCF4E993E8C5052681955ABE5851592994451585543BE","C:\Users\WINLabIT\Desktop\ForeSafe_RL\ForeSafe_RL_V1_5\viot_v28_constraints.py"
